name(key)(str),tx(float),ty(float)
zhu_mini_gun.png,-48.2,-45.65
zhu_gun.png,-48.2,-45.65
zhu_body.png,-67.15,-80.15
zhu_wheel_1.png,-43.65,-51.65
zhu_wheel_0.png,-43.65,-51.65
xiang_gun.png,-78.2,-70.65
xiang_mini_gun.png,-72.25,
xiang_body.png,-72.2,-50.65
xiang_wheel_1.png,-67.2,-79.65
xiang_wheel_0.png,-67.2,-79.65
putong_gun.png,-64.4,-42.8
putong_body.png,-65.2,-42.65
putong_wheel_1.png,-71.2,-63.65
putong_wheel_0.png,-73.2,-63.65
niu_mini_gun.png,439.75,-266.65
niu_gun.png,-60.25,-37.65
niu_body.png,-77.2,-51.65
niu_wheel_1.png,235.75,35.35
niu_wheel_0.png,-57.2,-72.65
long_mini_gun.png,81,-91.9
long_gun.png,-113.2,-95.65
long_wheel_1.png,276.8,
long_wheel_0.png,-66.2,-64.65
jia_mini_gun.png,453.75,-193.65
jia_gun.png,-61.2,-48.65
jia_body.png,-76.2,-43.65
jia_wheel_1.png,113.8,-271.65
jia_wheel_0.png,-62.2,-70.65
hu_mini_gun.png,609.75,-100.65
hu_gun.png,-73.2,-68.65
hu_body.png,-71.2,-48.65
hu_wheel_1.png,612.75,-234.65
hu_wheel_0.png,-83.2,-68.65
gui_mini_gun.png,-94.2,-66.65
gui_gun.png,-94.2,-66.65
gui_wheel_1.png,822.75,-98.65
gui_wheel_0.png,-68.2,-86.65
ghost_mini_gun.png,553.8,38
ghost_gun.png,-48.2,-48.65
ghost_body.png,-90.15,-52.65
ghost_wheel_1.png,683.75,-23.65
ghost_wheel_0.png,-71.2,-79.65
feng_gun.png,-137.2,-116.65
feng_wheel_1.png,824.75,-90.65
feng_wheel_0.png,-13.2,-77.65
di_mini_gun.png,780.75,-155.65
di_gun.png,-78.2,-55.65
di_body.png,-76.2,-59.65
di_wheel_1.png,-65.2,-74.65
di_wheel_0.png,990.75,-148.65
zhu_pos_1,-1.5,1.65
zhu_pos_2,97.75,1.65
xiang_pos_1,1.25,1.15
xiang_pos_2,116.5,1.15
putong_pos_1,-15.5,0.15
putong_pos_2,104,0.15
niu_pos_1,-21.25,-1.35
niu_pos_2,70.5,-1.35
long_pos_1,-24.5,-0.1
long_pos_2,95,-0.1
jia_pos_1,-11.5,-0.1
jia_pos_2,96.5,-0.1
hu_pos_1,-25.25,-0.1
hu_pos_2,95.75,-0.1
gui_pos_1,-8.25,1.4
gui_pos_2,105.5,1.4
ghost_pos_1,-12.25,-0.6
ghost_pos_2,99.25,-0.6
feng_pos_1,27.75,1.65
feng_pos_2,135.5,1.65
di_pos_1,-5,0.4
di_pos_2,103.25,0.4
