{"mm_fla.Timeline_33":{"m":[1,0,0,1,0,0],"c":[{"b":[-85.15,-85.15,170.25,170.25],"m":[1,0,0,1,0,0],"c":[{"id":1,"m":[1.7024215459823608,0,0,1.7024215459823608,-85.15,-85.15],"t":1}],"t":2},null,{"b":[-85.15,-85.15,170.25,170.25],"m":[1,0,0,1,0,0],"c":[{"id":3,"m":[1.7024215459823608,0,0,1.7024215459823608,-85.15,-85.15],"t":1}],"t":2},null,{"b":[-85.15,-85.15,170.25,170.25],"m":[1,0,0,1,0,0],"c":[{"id":5,"m":[1.7024215459823608,0,0,1.7024215459823608,-85.15,-85.15],"t":1}],"t":2},null,{"b":[-85.15,-85.15,170.25,170.25],"m":[1,0,0,1,0,0],"c":[{"id":7,"m":[1.7024215459823608,0,0,1.7024215459823608,-85.15,-85.15],"t":1}],"t":2},null,{"b":[-85.15,-85.15,170.25,170.25],"m":[1,0,0,1,0,0],"c":[{"id":9,"m":[1.7024215459823608,0,0,1.7024215459823608,-85.15,-85.15],"t":1}],"t":2},null,{"b":[-85.15,-85.15,170.25,170.25],"m":[1,0,0,1,0,0],"c":[{"id":11,"m":[1.7024215459823608,0,0,1.7024215459823608,-85.15,-85.15],"t":1}],"t":2},null,{"b":[-85.15,-85.15,170.25,170.25],"m":[1,0,0,1,0,0],"c":[{"id":13,"m":[1.7024215459823608,0,0,1.7024215459823608,-85.15,-85.15],"t":1}],"t":2},null,{"b":[-85.15,-85.15,170.25,170.25],"m":[1,0,0,1,0,0],"c":[{"id":15,"m":[1.7024215459823608,0,0,1.7024215459823608,-85.15,-85.15],"t":1}],"t":2},null,null,{"b":[-85.15,-85.15,170.25,170.25],"m":[1,0,0,1,0,0],"c":[{"id":17,"m":[1.7024215459823608,0,0,1.7024215459823608,-85.15,-85.15],"t":1}],"t":2},null,null,{"b":[-85.15,-85.15,170.25,170.25],"m":[1,0,0,1,0,0],"c":[{"id":19,"m":[1.7024215459823608,0,0,1.7024215459823608,-85.15,-85.15],"t":1}],"t":2},null,null,{"b":[-85.15,-85.15,170.25,170.25],"m":[1,0,0,1,0,0],"c":[{"id":21,"m":[1.7024215459823608,0,0,1.7024215459823608,-85.15,-85.15],"t":1}],"t":2},null,null,{"b":[-85.15,-85.15,170.25,170.25],"m":[1,0,0,1,0,0],"c":[{"id":23,"m":[1.7024215459823608,0,0,1.7024215459823608,-85.15,-85.15],"t":1}],"t":2},null,null,null,{"b":[-85.15,-85.15,170.25,170.25],"m":[1,0,0,1,0,0],"c":[{"id":25,"m":[1.7024215459823608,0,0,1.7024215459823608,-85.15,-85.15],"t":1}],"t":2},null,null,null,{"b":[-85.15,-85.15,170.25,170.25],"m":[1,0,0,1,0,0],"c":[{"id":27,"m":[1.7024215459823608,0,0,1.7024215459823608,-85.15,-85.15],"t":1}],"t":2},null,null,null,null,{"b":[-85.15,-85.15,170.25,170.25],"m":[1,0,0,1,0,0],"c":[{"id":29,"m":[1.7024215459823608,0,0,1.7024215459823608,-85.15,-85.15],"t":1}],"t":2},null,null,null,null,null,null,null,null,null,null,null],"f":[[[0,0]],[[2,0]],[[4,0]],[[6,0]],[[8,0]],[[10,0]],[[12,0]],[[14,0]],[[14,0]],[[17,0]],[[17,0]],[[20,0]],[[20,0]],[[23,0]],[[23,0]],[[26,0]],[[26,0]],[[26,0]],[[30,0]],[[30,0]],[[30,0]],[[34,0]],[[34,0]],[[34,0]],[[34,0]],[[39,0]],[[39,0]],[[39,0]],[[39,0]],[],[],[],[],[]],"t":3},"mm_fla.G_69":{"m":[1,0,0,1,0,0],"c":[{"m":[1,0,0,1,0,0],"c":[{"b":[-57,-61.5,114,123],"m":[1,0,0,1,0,0],"c":[{"id":55,"m":[1,0,0,1,-57,-61.5],"t":1}],"t":2},null,null],"f":[[[0,0]]],"t":3},null,null,null,null,null,null,null,null,null,null,null,null,null,null,null,null,null,null,null,null,null,null,null,null,null,null,null,null,null,null,null,null,null,null,null,null,null,null,null,null,null,null,null,null,null,null,null,null,null,null,null,null,null,null,null,null,null,null,null,null,null,null,{"m":[1,0,0,1,0,0],"c":[],"t":2},null,{"m":[1,0,0,1,0,0],"c":[],"t":2},null,{"m":[1,0,0,1,0,0],"c":[],"t":2},null,{"m":[1,0,0,1,0,0],"c":[],"t":2},null,{"m":[1,0,0,1,0,0],"c":[],"t":2},null,{"m":[1,0,0,1,0,0],"c":[],"t":2},null,{"m":[1,0,0,1,0,0],"c":[],"t":2},null,{"m":[1,0,0,1,0,0],"c":[],"t":2},null,{"m":[1,0,0,1,0,0],"c":[],"t":2},null,{"m":[1,0,0,1,0,0],"c":[],"t":2},null,{"m":[1,0,0,1,0,0],"c":[],"t":2},null,{"m":[1,0,0,1,0,0],"c":[],"t":2},null,{"m":[1,0,0,1,0,0],"c":[],"t":2},null,{"m":[1,0,0,1,0,0],"c":[],"t":2},null,{"m":[1,0,0,1,0,0],"c":[],"t":2},null,{"m":[1,0,0,1,0,0],"c":[],"t":2},null,{"m":[1,0,0,1,0,0],"c":[],"t":2},null,{"m":[1,0,0,1,0,0],"c":[],"t":2},null,{"m":[1,0,0,1,0,0],"c":[],"t":2},null,{"m":[1,0,0,1,0,0],"c":[],"t":2},null,null],"f":[[[0,0]],[[0,0]],[[0,0]],[[0,0]],[[0,0]],[[0,0]],[[0,0]],[[0,0]],[[0,0]],[[0,0]],[[0,0]],[[0,0]],[[0,0]],[[0,0]],[[0,0]],[[0,0]],[[0,0]],[[0,0]],[[0,0]],[[0,0]],[[0,0]],[[0,0]],[[0,0]],[[0,0]],[[0,0]],[[0,0]],[[0,0]],[[0,0]],[[0,0]],[[0,0]],[[0,0]],[[0,0]],[[0,0]],[[0,0]],[[0,0]],[[0,0]],[[0,0]],[[0,0]],[[0,0]],[[0,0]],[[0,0]],[[0,0]],[[0,0]],[[0,0]],[[0,0]],[[0,0]],[[0,0]],[[0,0]],[[0,0]],[[0,0]],[[0,0]],[[0,0]],[[0,0]],[[0,0]],[[0,0]],[[0,0]],[[0,0]],[[0,0]],[[0,0]],[[0,0]],[[0,0]],[[0,0]],[[0,63]],[[0,65]],[[0,67]],[[0,69]],[[0,71]],[[0,73]],[[0,75]],[[0,77]],[[0,79]],[[0,81]],[[0,83]],[[0,85]],[[0,87]],[[0,89]],[[0,91]],[[0,93]],[[0,95]],[[0,97]],[[0,99]],[[0,101]]],"t":3},"bullet_mc":{"m":[1,0,0,1,0,0],"c":[{"b":[-8,-7,22,13],"m":[1,0,0,1,0,0],"c":[{"id":69,"m":[1,0,0,1,-8,-7],"t":1}],"t":2},null,null],"f":[[[0,0]]],"t":3},"mm_fla.Timeline_95":{"m":[1,0,0,1,0,0],"c":[{"m":[1,0,0,1,-0.05,0],"c":[{"b":[-14.5,-44,29,88],"m":[-1,0,0,1,31.3,0.5],"c":[{"id":32,"m":[1,0,0,1,-14.5,-44],"t":1}],"t":2},{"b":[-14.5,-44,29,88],"m":[-1,0,0,1,-31.2,0.5],"c":[{"id":32,"m":[1,0,0,1,-14.5,-44],"t":1}],"t":2},null,{"b":[-14.5,-44,29,88],"m":[-1,0,0,1,31.3,0.5],"c":[{"id":34,"m":[1,0,0,1,-14.5,-44],"t":1}],"t":2},{"b":[-14.5,-44,29,88],"m":[-1,0,0,1,-31.2,0.5],"c":[{"id":34,"m":[1,0,0,1,-14.5,-44],"t":1}],"t":2},null,{"b":[-14.5,-44,29,88],"m":[-1,0,0,1,31.3,0.5],"c":[{"id":36,"m":[1,0,0,1,-14.5,-44],"t":1}],"t":2},{"b":[-14.5,-44,29,88],"m":[-1,0,0,1,-31.2,0.5],"c":[{"id":36,"m":[1,0,0,1,-14.5,-44],"t":1}],"t":2},null,{"b":[-14.5,-44,29,88],"m":[-1,0,0,1,31.3,0.5],"c":[{"id":38,"m":[1,0,0,1,-14.5,-44],"t":1}],"t":2},{"b":[-14.5,-44,29,88],"m":[-1,0,0,1,-31.2,0.5],"c":[{"id":38,"m":[1,0,0,1,-14.5,-44],"t":1}],"t":2},null,{"b":[-14.5,-44,29,88],"m":[-1,0,0,1,31.3,0.5],"c":[{"id":40,"m":[1,0,0,1,-14.5,-44],"t":1}],"t":2},{"b":[-14.5,-44,29,88],"m":[-1,0,0,1,-31.2,0.5],"c":[{"id":40,"m":[1,0,0,1,-14.5,-44],"t":1}],"t":2},null,{"b":[-14.5,-44,29,88],"m":[-1,0,0,1,31.3,0.5],"c":[{"id":32,"m":[1,0,0,1,-14.5,-44],"t":1}],"t":2},{"b":[-14.5,-44,29,88],"m":[-1,0,0,1,-31.2,0.5],"c":[{"id":32,"m":[1,0,0,1,-14.5,-44],"t":1}],"t":2},null,null,{"b":[-14.5,-44,29,88],"m":[-1,0,0,1,31.3,0.5],"c":[{"id":34,"m":[1,0,0,1,-14.5,-44],"t":1}],"t":2},{"b":[-14.5,-44,29,88],"m":[-1,0,0,1,-31.2,0.5],"c":[{"id":34,"m":[1,0,0,1,-14.5,-44],"t":1}],"t":2},null,{"b":[-14.5,-44,29,88],"m":[-1,0,0,1,31.3,0.5],"c":[{"id":36,"m":[1,0,0,1,-14.5,-44],"t":1}],"t":2},{"b":[-14.5,-44,29,88],"m":[-1,0,0,1,-31.2,0.5],"c":[{"id":36,"m":[1,0,0,1,-14.5,-44],"t":1}],"t":2},null,{"b":[-14.5,-44,29,88],"m":[-1,0,0,1,31.3,0.5],"c":[{"id":38,"m":[1,0,0,1,-14.5,-44],"t":1}],"t":2},{"b":[-14.5,-44,29,88],"m":[-1,0,0,1,-31.2,0.5],"c":[{"id":38,"m":[1,0,0,1,-14.5,-44],"t":1}],"t":2},null,{"b":[-14.5,-44,29,88],"m":[-1,0,0,1,31.3,0.5],"c":[{"id":40,"m":[1,0,0,1,-14.5,-44],"t":1}],"t":2},{"b":[-14.5,-44,29,88],"m":[-1,0,0,1,-31.2,0.5],"c":[{"id":40,"m":[1,0,0,1,-14.5,-44],"t":1}],"t":2},null,{"b":[-14.5,-44,29,88],"m":[-1,0,0,1,31.3,0.5],"c":[{"id":32,"m":[1,0,0,1,-14.5,-44],"t":1}],"t":2},{"b":[-14.5,-44,29,88],"m":[-1,0,0,1,-31.2,0.5],"c":[{"id":32,"m":[1,0,0,1,-14.5,-44],"t":1}],"t":2},null,null,{"b":[-14.5,-44,29,88],"m":[-1,0,0,1,31.3,0.5],"c":[{"id":34,"m":[1,0,0,1,-14.5,-44],"t":1}],"t":2},{"b":[-14.5,-44,29,88],"m":[-1,0,0,1,-31.2,0.5],"c":[{"id":34,"m":[1,0,0,1,-14.5,-44],"t":1}],"t":2},null,{"b":[-14.5,-44,29,88],"m":[-1,0,0,1,31.3,0.5],"c":[{"id":36,"m":[1,0,0,1,-14.5,-44],"t":1}],"t":2},{"b":[-14.5,-44,29,88],"m":[-1,0,0,1,-31.2,0.5],"c":[{"id":36,"m":[1,0,0,1,-14.5,-44],"t":1}],"t":2},null,{"b":[-14.5,-44,29,88],"m":[-1,0,0,1,31.3,0.5],"c":[{"id":38,"m":[1,0,0,1,-14.5,-44],"t":1}],"t":2},{"b":[-14.5,-44,29,88],"m":[-1,0,0,1,-31.2,0.5],"c":[{"id":38,"m":[1,0,0,1,-14.5,-44],"t":1}],"t":2},null,{"b":[-14.5,-44,29,88],"m":[-1,0,0,1,31.3,0.5],"c":[{"id":40,"m":[1,0,0,1,-14.5,-44],"t":1}],"t":2},{"b":[-14.5,-44,29,88],"m":[-1,0,0,1,-31.2,0.5],"c":[{"id":40,"m":[1,0,0,1,-14.5,-44],"t":1}],"t":2},null,{"b":[-14.5,-44,29,88],"m":[-1,0,0,1,31.3,0.5],"c":[{"id":32,"m":[1,0,0,1,-14.5,-44],"t":1}],"t":2},{"b":[-14.5,-44,29,88],"m":[-1,0,0,1,-31.2,0.5],"c":[{"id":32,"m":[1,0,0,1,-14.5,-44],"t":1}],"t":2},null,null,{"b":[-14.5,-44,29,88],"m":[-1,0,0,1,31.3,0.5],"c":[{"id":34,"m":[1,0,0,1,-14.5,-44],"t":1}],"t":2},{"b":[-14.5,-44,29,88],"m":[-1,0,0,1,-31.2,0.5],"c":[{"id":34,"m":[1,0,0,1,-14.5,-44],"t":1}],"t":2},null,{"b":[-14.5,-44,29,88],"m":[-1,0,0,1,31.3,0.5],"c":[{"id":36,"m":[1,0,0,1,-14.5,-44],"t":1}],"t":2},{"b":[-14.5,-44,29,88],"m":[-1,0,0,1,-31.2,0.5],"c":[{"id":36,"m":[1,0,0,1,-14.5,-44],"t":1}],"t":2},null,{"b":[-14.5,-44,29,88],"m":[-1,0,0,1,31.3,0.5],"c":[{"id":38,"m":[1,0,0,1,-14.5,-44],"t":1}],"t":2},{"b":[-14.5,-44,29,88],"m":[-1,0,0,1,-31.2,0.5],"c":[{"id":38,"m":[1,0,0,1,-14.5,-44],"t":1}],"t":2},null,{"b":[-14.5,-44,29,88],"m":[-1,0,0,1,31.3,0.5],"c":[{"id":40,"m":[1,0,0,1,-14.5,-44],"t":1}],"t":2},{"b":[-14.5,-44,29,88],"m":[-1,0,0,1,-31.2,0.5],"c":[{"id":40,"m":[1,0,0,1,-14.5,-44],"t":1}],"t":2},null,{"b":[-14.5,-44,29,88],"m":[-1,0,0,1,31.3,0.5],"c":[{"id":32,"m":[1,0,0,1,-14.5,-44],"t":1}],"t":2},{"b":[-14.5,-44,29,88],"m":[-1,0,0,1,-31.2,0.5],"c":[{"id":32,"m":[1,0,0,1,-14.5,-44],"t":1}],"t":2},null,null,{"b":[-14.5,-44,29,88],"m":[-1,0,0,1,31.3,0.5],"c":[{"id":34,"m":[1,0,0,1,-14.5,-44],"t":1}],"t":2},{"b":[-14.5,-44,29,88],"m":[-1,0,0,1,-31.2,0.5],"c":[{"id":34,"m":[1,0,0,1,-14.5,-44],"t":1}],"t":2},null,{"b":[-14.5,-44,29,88],"m":[-1,0,0,1,31.3,0.5],"c":[{"id":36,"m":[1,0,0,1,-14.5,-44],"t":1}],"t":2},{"b":[-14.5,-44,29,88],"m":[-1,0,0,1,-31.2,0.5],"c":[{"id":36,"m":[1,0,0,1,-14.5,-44],"t":1}],"t":2},null,{"b":[-14.5,-44,29,88],"m":[-1,0,0,1,31.3,0.5],"c":[{"id":38,"m":[1,0,0,1,-14.5,-44],"t":1}],"t":2},{"b":[-14.5,-44,29,88],"m":[-1,0,0,1,-31.2,0.5],"c":[{"id":38,"m":[1,0,0,1,-14.5,-44],"t":1}],"t":2},null,{"b":[-14.5,-44,29,88],"m":[-1,0,0,1,31.3,0.5],"c":[{"id":40,"m":[1,0,0,1,-14.5,-44],"t":1}],"t":2},{"b":[-14.5,-44,29,88],"m":[-1,0,0,1,-31.2,0.5],"c":[{"id":40,"m":[1,0,0,1,-14.5,-44],"t":1}],"t":2},null,{"b":[-14.5,-44,29,88],"m":[-1,0,0,1,31.3,0.5],"c":[{"id":32,"m":[1,0,0,1,-14.5,-44],"t":1}],"t":2},{"b":[-14.5,-44,29,88],"m":[-1,0,0,1,-31.2,0.5],"c":[{"id":32,"m":[1,0,0,1,-14.5,-44],"t":1}],"t":2},null,null,{"b":[-14.5,-44,29,88],"m":[-1,0,0,1,31.3,0.5],"c":[{"id":34,"m":[1,0,0,1,-14.5,-44],"t":1}],"t":2},{"b":[-14.5,-44,29,88],"m":[-1,0,0,1,-31.2,0.5],"c":[{"id":34,"m":[1,0,0,1,-14.5,-44],"t":1}],"t":2},null,{"b":[-14.5,-44,29,88],"m":[-1,0,0,1,31.3,0.5],"c":[{"id":36,"m":[1,0,0,1,-14.5,-44],"t":1}],"t":2},{"b":[-14.5,-44,29,88],"m":[-1,0,0,1,-31.2,0.5],"c":[{"id":36,"m":[1,0,0,1,-14.5,-44],"t":1}],"t":2},null,{"b":[-14.5,-44,29,88],"m":[-1,0,0,1,31.3,0.5],"c":[{"id":38,"m":[1,0,0,1,-14.5,-44],"t":1}],"t":2},{"b":[-14.5,-44,29,88],"m":[-1,0,0,1,-31.2,0.5],"c":[{"id":38,"m":[1,0,0,1,-14.5,-44],"t":1}],"t":2},null,{"b":[-14.5,-44,29,88],"m":[-1,0,0,1,31.3,0.5],"c":[{"id":40,"m":[1,0,0,1,-14.5,-44],"t":1}],"t":2},{"b":[-14.5,-44,29,88],"m":[-1,0,0,1,-31.2,0.5],"c":[{"id":40,"m":[1,0,0,1,-14.5,-44],"t":1}],"t":2},null,{"b":[-14.5,-44,29,88],"m":[-1,0,0,1,31.3,0.5],"c":[{"id":32,"m":[1,0,0,1,-14.5,-44],"t":1}],"t":2},{"b":[-14.5,-44,29,88],"m":[-1,0,0,1,-31.2,0.5],"c":[{"id":32,"m":[1,0,0,1,-14.5,-44],"t":1}],"t":2},null,null,null],"f":[[[0,0],[1,0]],[[3,0],[4,0]],[[6,0],[7,0]],[[9,0],[10,0]],[[12,0],[13,0]],[[15,0],[16,0]],[[15,0],[16,0]],[[19,0],[20,0]],[[22,0],[23,0]],[[25,0],[26,0]],[[28,0],[29,0]],[[31,0],[32,0]],[[31,0],[32,0]],[[35,0],[36,0]],[[38,0],[39,0]],[[41,0],[42,0]],[[44,0],[45,0]],[[47,0],[48,0]],[[47,0],[48,0]],[[51,0],[52,0]],[[54,0],[55,0]],[[57,0],[58,0]],[[60,0],[61,0]],[[63,0],[64,0]],[[63,0],[64,0]],[[67,0],[68,0]],[[70,0],[71,0]],[[73,0],[74,0]],[[76,0],[77,0]],[[79,0],[80,0]],[[79,0],[80,0]],[[83,0],[84,0]],[[86,0],[87,0]],[[89,0],[90,0]],[[92,0],[93,0]],[[95,0],[96,0]],[[95,0],[96,0]]],"n":"tracks","t":3},{"m":[0.999298095703125,0,0,1.0000457763671875,0,0],"c":[{"b":[-40,-46,80,92],"m":[1,0,0,1,0,0],"c":[{"id":43,"m":[1,0,0,1,-40,-46],"t":1}],"t":2},{"b":[-16.3,-15.5,32.6,31],"m":[1,0,0,1,0,-46.15],"c":[{"id":45,"m":[1.019287109375,0,0,1,-16.3,-15.5],"t":1}],"t":2},{"m":[0.68060302734375,0,0,0.68060302734375,0.25,-62.6],"c":[null,null],"f":[[]],"n":"s1","t":3},{"m":[0.68060302734375,0,0,0.68060302734375,0.25,-76.2],"c":[null,null],"f":[[]],"n":"p1","t":3},null,null,{"m":[1,0,0,1,0,13],"c":[],"t":2},{"m":[1,0,0,1,0,-27.65],"c":[],"t":2},{"m":[-1.0009613037109375,0,0,-1,1.2,-87.35],"c":[{"b":[-23.9,-41.1,47.95,81.95],"m":[1,0,0,1,-0.05,0],"c":[{"id":48,"m":[0.9989570379257202,0,0,0.9993904232978821,-23.9,-41.1],"t":1}],"t":2},null,null],"f":[[[0,0]]],"t":3},null,{"m":[1,0,0,1,0,11.2],"c":[],"t":2},{"m":[1,0,0,1,0,-29.45],"c":[],"t":2},null,null,{"m":[1,0,0,1,0,9.4],"c":[],"t":2},{"m":[1,0,0,1,0,-31.25],"c":[],"t":2},null,{"m":[1,0,0,1,0,7.55],"c":[],"t":2},{"m":[1,0,0,1,0,-33.1],"c":[],"t":2},{"m":[1.0009613037109375,0,0,1,-0.4,-61.25],"c":[{"b":[-22.9,-23.4,46,47],"m":[1,0,0,1,0,0],"c":[{"id":51,"m":[1,0,0,1,-22.9,-23.4],"t":1}],"t":2},null,null],"f":[[[0,0]]],"t":3},null,{"m":[1,0,0,1,0,5.75],"c":[],"t":2},{"m":[1,0,0,1,0,-34.9],"c":[],"t":2},{"m":[1.0009613037109375,0,0,1,-13.9,-72.15],"c":[{"b":[-22.9,-23.4,46,47],"m":[1,0,0,1,0,0],"c":[{"id":51,"m":[1,0,0,1,-22.9,-23.4],"t":1}],"t":2},null,null],"f":[[[0,0]]],"t":3},{"m":[1.0009613037109375,0,0,1,-1.7,-63.4],"c":[],"t":2},null,{"m":[1,0,0,1,0,3.95],"c":[],"t":2},{"m":[1.000030517578125,0,0,1,0,-39.45],"c":[],"t":2},{"m":[1.0009613037109375,0,0,1,-15.6,-73.85],"c":[],"t":2},{"m":[1.0009613037109375,0,0,1,-3.05,-65.55],"c":[],"t":2},null,{"m":[1,0,0,1,0,0],"c":[],"t":2},{"m":[1.0000457763671875,0,0,1,-0.05,-44],"c":[],"t":2},{"m":[1.0009613037109375,0,0,1,-17.25,-75.5],"c":[],"t":2},{"m":[1.0009613037109375,0,0,1,-4.35,-67.7],"c":[],"t":2},{"m":[1.0009613037109375,0,0,1,-3.35,-66.3],"c":[{"b":[-22.9,-23.4,46,47],"m":[1,0,0,1,0,0],"c":[{"id":51,"m":[1,0,0,1,-22.9,-23.4],"t":1}],"t":2},null,null],"f":[[[0,0]]],"t":3},null,{"m":[1.0000457763671875,0,0,1,-0.05,-44.45],"c":[],"t":2},{"m":[1.0009613037109375,0,0,1,-18.95,-77.2],"c":[],"t":2},{"m":[1.0009613037109375,0,0,1,-5.7,-69.85],"c":[],"t":2},{"m":[1.0009613037109375,0,0,1,-4.15,-66.55],"c":[],"t":2},null,{"m":[1.000030517578125,0,0,1,-0.05,-44.95],"c":[],"t":2},{"m":[1.0009613037109375,0,0,1,-20.6,-78.9],"c":[],"t":2},{"m":[1.0009613037109375,0,0,1,-7,-72],"c":[],"t":2},{"m":[1.0009613037109375,0,0,1,-5,-66.85],"c":[],"t":2},null,{"m":[1,0,0,1,0,-46.15],"c":[],"t":2},{"m":[1.0009613037109375,0,0,1,-22.3,-80.55],"c":[],"t":2},{"m":[1.0009613037109375,0,0,1,-8.35,-74.15],"c":[],"t":2},{"m":[1.0009613037109375,0,0,1,-5.8,-67.1],"c":[],"t":2},null,{"m":[1.0009613037109375,0,0,1,-24,-82.25],"c":[],"t":2},{"m":[1.0009613037109375,0,0,1,-9.65,-76.3],"c":[],"t":2},{"m":[1.0009613037109375,0,0,1,-6.65,-67.35],"c":[],"t":2},null,{"m":[1.0009613037109375,0,0,1,-25.65,-83.95],"c":[],"t":2},{"m":[1.0009613037109375,0,0,1,-10.95,-78.5],"c":[],"t":2},{"m":[1.0009613037109375,0,0,1,-7.45,-67.65],"c":[],"t":2},null,{"m":[1.0009613037109375,0,0,1,-27.35,-85.65],"c":[],"t":2},{"m":[1.0009613037109375,0,0,1,-12.3,-80.65],"c":[],"t":2},{"m":[1.0009613037109375,0,0,1,-8.3,-67.9],"c":[],"t":2},null,{"m":[1.0009613037109375,0,0,1,-29,-87.3],"c":[],"t":2},{"m":[1.0009613037109375,0,0,1,-13.6,-82.8],"c":[],"t":2},{"m":[1.0009613037109375,0,0,1,-9.1,-68.15],"c":[],"t":2},null,{"m":[1.0009613037109375,0,0,1,-30.7,-89],"c":[],"t":2},{"m":[1.0009613037109375,0,0,1,-14.95,-84.95],"c":[],"t":2},{"m":[1.0009613037109375,0,0,1,-9.95,-68.45],"c":[],"t":2},null,{"m":[1.0009613037109375,0,0,1,-30.85,-88.1],"c":[],"t":2},{"m":[1.0009613037109375,0,0,1,-16.25,-87.1],"c":[],"t":2},{"m":[1.0009613037109375,0,0,1,-10.75,-68.7],"c":[],"t":2},null,{"m":[1.0009613037109375,0,0,1,-31,-87.2],"c":[],"t":2},{"m":[1.0009613037109375,0,0,1,-17.6,-89.25],"c":[],"t":2},{"m":[1.0009613037109375,0,0,1,-11.6,-68.95],"c":[],"t":2},null,{"m":[1.0009613037109375,0,0,1,-31.15,-86.25],"c":[],"t":2},{"m":[1.0009613037109375,0,0,1,-18.9,-91.4],"c":[],"t":2},{"m":[1.0009613037109375,0,0,1,-12.4,-69.25],"c":[],"t":2},null,{"m":[1.0009613037109375,0,0,1,-31.3,-85.35],"c":[],"t":2},{"m":[1.0009613037109375,0,0,1,-18.9,-90.25],"c":[],"t":2},{"m":[1.0009613037109375,0,0,1,-13.25,-69.5],"c":[],"t":2},null,{"m":[1.0009613037109375,0,0,1,-31.45,-84.45],"c":[],"t":2},{"m":[1.0009613037109375,0,0,1,-18.9,-89.1],"c":[],"t":2},{"m":[1.0009613037109375,0,0,1,-14.05,-69.75],"c":[],"t":2},null,{"m":[1.0009613037109375,0,0,1,-31.6,-83.55],"c":[],"t":2},{"m":[1.0009613037109375,0,0,1,-18.9,-87.95],"c":[],"t":2},{"m":[1.0009613037109375,0,0,1,-14.9,-70],"c":[],"t":2},null,{"m":[1.0009613037109375,0,0,1,-31.75,-82.6],"c":[],"t":2},{"m":[1.0009613037109375,0,0,1,-18.9,-86.85],"c":[],"t":2},{"m":[1.0009613037109375,0,0,1,-15.7,-70.3],"c":[],"t":2},null,{"m":[1.0009613037109375,0,0,1,-31.9,-81.7],"c":[],"t":2},{"m":[1.0009613037109375,0,0,1,-18.9,-85.7],"c":[],"t":2},{"m":[1.0009613037109375,0,0,1,-16.55,-70.55],"c":[],"t":2},null,{"m":[1.0009613037109375,0,0,1,-32,-80.8],"c":[],"t":2},{"m":[1.0009613037109375,0,0,1,-18.9,-84.55],"c":[],"t":2},{"m":[1.0009613037109375,0,0,1,-17.35,-70.8],"c":[],"t":2},null,{"m":[1.0009613037109375,0,0,1,-32.15,-79.9],"c":[],"t":2},{"m":[1.0009613037109375,0,0,1,-18.9,-83.4],"c":[],"t":2},{"m":[1.0009613037109375,0,0,1,-18.2,-71.1],"c":[],"t":2},null,{"m":[1.0009613037109375,0,0,1,-32.3,-78.95],"c":[],"t":2},{"m":[1.0009613037109375,0,0,1,-18.9,-82.25],"c":[],"t":2},{"m":[1.0009613037109375,0,0,1,-19,-71.35],"c":[],"t":2},null,{"m":[1.0009613037109375,0,0,1,-32.45,-78.05],"c":[],"t":2},{"m":[1.0009613037109375,0,0,1,-18.9,-81.1],"c":[],"t":2},{"m":[1.0009613037109375,0,0,1,-19.85,-71.6],"c":[],"t":2},null,{"m":[1.0009613037109375,0,0,1,-32.6,-77.15],"c":[],"t":2},{"m":[1.0009613037109375,0,0,1,-18.9,-79.95],"c":[],"t":2},{"m":[1.0009613037109375,0,0,1,-20.65,-71.9],"c":[],"t":2},null,{"m":[1.0009613037109375,0,0,1,-32.75,-76.25],"c":[],"t":2},{"m":[1.0009613037109375,0,0,1,-18.9,-78.85],"c":[],"t":2},{"m":[1.0009613037109375,0,0,1,-21.5,-72.15],"c":[],"t":2},null,{"m":[1.0009613037109375,0,0,1,-32.9,-75.3],"c":[],"t":2},{"m":[1.0009613037109375,0,0,1,-18.9,-77.7],"c":[],"t":2},{"m":[1.0009613037109375,0,0,1,-22.3,-72.4],"c":[],"t":2},null,{"m":[1.0009613037109375,0,0,1,-33.05,-74.4],"c":[],"t":2},{"m":[1.0009613037109375,0,0,1,-18.9,-76.55],"c":[],"t":2},{"m":[1.0009613037109375,0,0,1,-23.15,-72.7],"c":[],"t":2},null,{"m":[1.0009613037109375,0,0,1,-33.2,-73.5],"c":[],"t":2},{"m":[1.0009613037109375,0,0,1,-18.9,-75.4],"c":[],"t":2},{"m":[1.0009613037109375,0,0,1,-23.95,-72.95],"c":[],"t":2},null,null,null,null,null,null,null,null,null,null,null,null,null,null,null,null,null,null,null,null,null,null],"f":[[[0,0],[1,0],[2,0],[3,0]],[[0,6],[1,7],[8,0],[2,0],[3,0]],[[0,10],[1,11],[8,0],[2,0],[3,0]],[[0,14],[1,15],[2,0],[3,0]],[[0,17],[1,18],[19,0],[2,0],[3,0]],[[0,21],[1,22],[23,0],[19,24],[2,0],[3,0]],[[0,26],[1,27],[23,28],[19,29],[2,0],[3,0]],[[0,31],[1,32],[23,33],[19,34],[35,0],[2,0],[3,0]],[[0,31],[1,37],[23,38],[19,39],[35,40],[2,0],[3,0]],[[0,31],[1,42],[23,43],[19,44],[35,45],[2,0],[3,0]],[[0,31],[1,47],[23,48],[19,49],[35,50],[2,0],[3,0]],[[0,31],[1,47],[23,52],[19,53],[35,54],[2,0],[3,0]],[[0,31],[1,47],[23,56],[19,57],[35,58],[2,0],[3,0]],[[0,31],[1,47],[23,60],[19,61],[35,62],[2,0],[3,0]],[[0,31],[1,47],[23,64],[19,65],[35,66],[2,0],[3,0]],[[0,31],[1,47],[23,68],[19,69],[35,70],[2,0],[3,0]],[[0,31],[1,47],[23,72],[19,73],[35,74],[2,0],[3,0]],[[0,31],[1,47],[23,76],[19,77],[35,78],[2,0],[3,0]],[[0,31],[1,47],[23,80],[19,81],[35,82],[2,0],[3,0]],[[0,31],[1,47],[23,84],[19,85],[35,86],[2,0],[3,0]],[[0,31],[1,47],[23,88],[19,89],[35,90],[2,0],[3,0]],[[0,31],[1,47],[23,92],[19,93],[35,94],[2,0],[3,0]],[[0,31],[1,47],[23,96],[19,97],[35,98],[2,0],[3,0]],[[0,31],[1,47],[23,100],[19,101],[35,102],[2,0],[3,0]],[[0,31],[1,47],[23,104],[19,105],[35,106],[2,0],[3,0]],[[0,31],[1,47],[23,108],[19,109],[35,110],[2,0],[3,0]],[[0,31],[1,47],[23,112],[19,113],[35,114],[2,0],[3,0]],[[0,31],[1,47],[23,116],[19,117],[35,118],[2,0],[3,0]],[[0,31],[1,47],[23,120],[19,121],[35,122],[2,0],[3,0]],[[0,31],[1,47],[23,124],[19,125],[35,126],[2,0],[3,0]],[[0,31],[1,47],[23,128],[19,129],[35,130],[2,0],[3,0]],[[0,31],[1,47],[23,132],[19,133],[35,134],[2,0],[3,0]],[[0,31],[1,47],[23,136],[19,137],[35,138],[2,0],[3,0]],[[0,31],[1,47],[2,0],[3,0]],[[0,31],[1,47],[2,0],[3,0]],[[0,31],[1,47],[2,0],[3,0]],[[0,31],[1,47],[2,0],[3,0]],[[0,31],[1,47],[2,0],[3,0]],[[0,31],[1,47],[2,0],[3,0]],[[0,31],[1,47],[2,0],[3,0]],[[0,31],[1,47],[2,0],[3,0]],[[0,31],[1,47],[2,0],[3,0]],[[0,31],[1,47],[2,0],[3,0]],[[0,31],[1,47],[2,0],[3,0]],[[0,31],[1,47],[2,0],[3,0]],[[0,31],[1,47],[2,0],[3,0]],[[0,31],[1,47],[2,0],[3,0]],[[0,31],[1,47],[2,0],[3,0]],[[0,31],[1,47],[2,0],[3,0]],[[0,31],[1,47],[2,0],[3,0]]],"n":"turret","t":3},null,null,null,null,null,{"m":[1,0,0,1,0,0],"c":[{"m":[1,0,0,1,0,0],"c":[{"b":[-57,-61.5,114,123],"m":[1,0,0,1,0,0],"c":[{"id":55,"m":[1,0,0,1,-57,-61.5],"t":1}],"t":2},null,null],"f":[[[0,0]]],"t":3},null,null,null,null,null,null,null,null,null,null,null,null,null,null,null,null,null,null,null,null,null,null,null,null,null,null,null,null,null,null,null,null,null,null,null,null,null,null,null,null,null,null,null,null,null,null,null,null,null,null,null,null,null,null,null,null,null,null,null,null,null,null,{"m":[1,0,0,1,0,0],"c":[],"t":2},null,{"m":[1,0,0,1,0,0],"c":[],"t":2},null,{"m":[1,0,0,1,0,0],"c":[],"t":2},null,{"m":[1,0,0,1,0,0],"c":[],"t":2},null,{"m":[1,0,0,1,0,0],"c":[],"t":2},null,{"m":[1,0,0,1,0,0],"c":[],"t":2},null,{"m":[1,0,0,1,0,0],"c":[],"t":2},null,{"m":[1,0,0,1,0,0],"c":[],"t":2},null,{"m":[1,0,0,1,0,0],"c":[],"t":2},null,{"m":[1,0,0,1,0,0],"c":[],"t":2},null,{"m":[1,0,0,1,0,0],"c":[],"t":2},null,{"m":[1,0,0,1,0,0],"c":[],"t":2},null,{"m":[1,0,0,1,0,0],"c":[],"t":2},null,{"m":[1,0,0,1,0,0],"c":[],"t":2},null,{"m":[1,0,0,1,0,0],"c":[],"t":2},null,{"m":[1,0,0,1,0,0],"c":[],"t":2},null,{"m":[1,0,0,1,0,0],"c":[],"t":2},null,{"m":[1,0,0,1,0,0],"c":[],"t":2},null,{"m":[1,0,0,1,0,0],"c":[],"t":2},null,{"m":[1,0,0,1,0,0],"c":[],"t":2},null,null],"f":[[[0,0]],[[0,0]],[[0,0]],[[0,0]],[[0,0]],[[0,0]],[[0,0]],[[0,0]],[[0,0]],[[0,0]],[[0,0]],[[0,0]],[[0,0]],[[0,0]],[[0,0]],[[0,0]],[[0,0]],[[0,0]],[[0,0]],[[0,0]],[[0,0]],[[0,0]],[[0,0]],[[0,0]],[[0,0]],[[0,0]],[[0,0]],[[0,0]],[[0,0]],[[0,0]],[[0,0]],[[0,0]],[[0,0]],[[0,0]],[[0,0]],[[0,0]],[[0,0]],[[0,0]],[[0,0]],[[0,0]],[[0,0]],[[0,0]],[[0,0]],[[0,0]],[[0,0]],[[0,0]],[[0,0]],[[0,0]],[[0,0]],[[0,0]],[[0,0]],[[0,0]],[[0,0]],[[0,0]],[[0,0]],[[0,0]],[[0,0]],[[0,0]],[[0,0]],[[0,0]],[[0,0]],[[0,0]],[[0,63]],[[0,65]],[[0,67]],[[0,69]],[[0,71]],[[0,73]],[[0,75]],[[0,77]],[[0,79]],[[0,81]],[[0,83]],[[0,85]],[[0,87]],[[0,89]],[[0,91]],[[0,93]],[[0,95]],[[0,97]],[[0,99]],[[0,101]]],"t":3},null,null],"f":[[[0,0],[1,0]],[[0,0],[1,0]],[[0,0],[1,0]],[[7,0]]],"t":3},"mm_fla.G_97":{"m":[1,0,0,1,0,0],"c":[{"b":[-40,-46,80,92],"m":[1,0,0,1,0,0],"c":[{"id":43,"m":[1,0,0,1,-40,-46],"t":1}],"t":2},{"b":[-16.3,-15.5,32.6,31],"m":[1,0,0,1,0,-46.15],"c":[{"id":45,"m":[1.019287109375,0,0,1,-16.3,-15.5],"t":1}],"t":2},{"m":[0.68060302734375,0,0,0.68060302734375,0.25,-62.6],"c":[null,null],"f":[[]],"n":"s1","t":3},{"m":[0.68060302734375,0,0,0.68060302734375,0.25,-76.2],"c":[null,null],"f":[[]],"n":"p1","t":3},null,null,{"m":[1,0,0,1,0,13],"c":[],"t":2},{"m":[1,0,0,1,0,-27.65],"c":[],"t":2},{"m":[-1.0009613037109375,0,0,-1,1.2,-87.35],"c":[{"b":[-23.9,-41.1,47.95,81.95],"m":[1,0,0,1,-0.05,0],"c":[{"id":48,"m":[0.9989570379257202,0,0,0.9993904232978821,-23.9,-41.1],"t":1}],"t":2},null,null],"f":[[[0,0]]],"t":3},null,{"m":[1,0,0,1,0,11.2],"c":[],"t":2},{"m":[1,0,0,1,0,-29.45],"c":[],"t":2},null,null,{"m":[1,0,0,1,0,9.4],"c":[],"t":2},{"m":[1,0,0,1,0,-31.25],"c":[],"t":2},null,{"m":[1,0,0,1,0,7.55],"c":[],"t":2},{"m":[1,0,0,1,0,-33.1],"c":[],"t":2},{"m":[1.0009613037109375,0,0,1,-0.4,-61.25],"c":[{"b":[-22.9,-23.4,46,47],"m":[1,0,0,1,0,0],"c":[{"id":51,"m":[1,0,0,1,-22.9,-23.4],"t":1}],"t":2},null,null],"f":[[[0,0]]],"t":3},null,{"m":[1,0,0,1,0,5.75],"c":[],"t":2},{"m":[1,0,0,1,0,-34.9],"c":[],"t":2},{"m":[1.0009613037109375,0,0,1,-13.9,-72.15],"c":[{"b":[-22.9,-23.4,46,47],"m":[1,0,0,1,0,0],"c":[{"id":51,"m":[1,0,0,1,-22.9,-23.4],"t":1}],"t":2},null,null],"f":[[[0,0]]],"t":3},{"m":[1.0009613037109375,0,0,1,-1.7,-63.4],"c":[],"t":2},null,{"m":[1,0,0,1,0,3.95],"c":[],"t":2},{"m":[1.000030517578125,0,0,1,0,-39.45],"c":[],"t":2},{"m":[1.0009613037109375,0,0,1,-15.6,-73.85],"c":[],"t":2},{"m":[1.0009613037109375,0,0,1,-3.05,-65.55],"c":[],"t":2},null,{"m":[1,0,0,1,0,0],"c":[],"t":2},{"m":[1.0000457763671875,0,0,1,-0.05,-44],"c":[],"t":2},{"m":[1.0009613037109375,0,0,1,-17.25,-75.5],"c":[],"t":2},{"m":[1.0009613037109375,0,0,1,-4.35,-67.7],"c":[],"t":2},{"m":[1.0009613037109375,0,0,1,-3.35,-66.3],"c":[{"b":[-22.9,-23.4,46,47],"m":[1,0,0,1,0,0],"c":[{"id":51,"m":[1,0,0,1,-22.9,-23.4],"t":1}],"t":2},null,null],"f":[[[0,0]]],"t":3},null,{"m":[1.0000457763671875,0,0,1,-0.05,-44.45],"c":[],"t":2},{"m":[1.0009613037109375,0,0,1,-18.95,-77.2],"c":[],"t":2},{"m":[1.0009613037109375,0,0,1,-5.7,-69.85],"c":[],"t":2},{"m":[1.0009613037109375,0,0,1,-4.15,-66.55],"c":[],"t":2},null,{"m":[1.000030517578125,0,0,1,-0.05,-44.95],"c":[],"t":2},{"m":[1.0009613037109375,0,0,1,-20.6,-78.9],"c":[],"t":2},{"m":[1.0009613037109375,0,0,1,-7,-72],"c":[],"t":2},{"m":[1.0009613037109375,0,0,1,-5,-66.85],"c":[],"t":2},null,{"m":[1,0,0,1,0,-46.15],"c":[],"t":2},{"m":[1.0009613037109375,0,0,1,-22.3,-80.55],"c":[],"t":2},{"m":[1.0009613037109375,0,0,1,-8.35,-74.15],"c":[],"t":2},{"m":[1.0009613037109375,0,0,1,-5.8,-67.1],"c":[],"t":2},null,{"m":[1.0009613037109375,0,0,1,-24,-82.25],"c":[],"t":2},{"m":[1.0009613037109375,0,0,1,-9.65,-76.3],"c":[],"t":2},{"m":[1.0009613037109375,0,0,1,-6.65,-67.35],"c":[],"t":2},null,{"m":[1.0009613037109375,0,0,1,-25.65,-83.95],"c":[],"t":2},{"m":[1.0009613037109375,0,0,1,-10.95,-78.5],"c":[],"t":2},{"m":[1.0009613037109375,0,0,1,-7.45,-67.65],"c":[],"t":2},null,{"m":[1.0009613037109375,0,0,1,-27.35,-85.65],"c":[],"t":2},{"m":[1.0009613037109375,0,0,1,-12.3,-80.65],"c":[],"t":2},{"m":[1.0009613037109375,0,0,1,-8.3,-67.9],"c":[],"t":2},null,{"m":[1.0009613037109375,0,0,1,-29,-87.3],"c":[],"t":2},{"m":[1.0009613037109375,0,0,1,-13.6,-82.8],"c":[],"t":2},{"m":[1.0009613037109375,0,0,1,-9.1,-68.15],"c":[],"t":2},null,{"m":[1.0009613037109375,0,0,1,-30.7,-89],"c":[],"t":2},{"m":[1.0009613037109375,0,0,1,-14.95,-84.95],"c":[],"t":2},{"m":[1.0009613037109375,0,0,1,-9.95,-68.45],"c":[],"t":2},null,{"m":[1.0009613037109375,0,0,1,-30.85,-88.1],"c":[],"t":2},{"m":[1.0009613037109375,0,0,1,-16.25,-87.1],"c":[],"t":2},{"m":[1.0009613037109375,0,0,1,-10.75,-68.7],"c":[],"t":2},null,{"m":[1.0009613037109375,0,0,1,-31,-87.2],"c":[],"t":2},{"m":[1.0009613037109375,0,0,1,-17.6,-89.25],"c":[],"t":2},{"m":[1.0009613037109375,0,0,1,-11.6,-68.95],"c":[],"t":2},null,{"m":[1.0009613037109375,0,0,1,-31.15,-86.25],"c":[],"t":2},{"m":[1.0009613037109375,0,0,1,-18.9,-91.4],"c":[],"t":2},{"m":[1.0009613037109375,0,0,1,-12.4,-69.25],"c":[],"t":2},null,{"m":[1.0009613037109375,0,0,1,-31.3,-85.35],"c":[],"t":2},{"m":[1.0009613037109375,0,0,1,-18.9,-90.25],"c":[],"t":2},{"m":[1.0009613037109375,0,0,1,-13.25,-69.5],"c":[],"t":2},null,{"m":[1.0009613037109375,0,0,1,-31.45,-84.45],"c":[],"t":2},{"m":[1.0009613037109375,0,0,1,-18.9,-89.1],"c":[],"t":2},{"m":[1.0009613037109375,0,0,1,-14.05,-69.75],"c":[],"t":2},null,{"m":[1.0009613037109375,0,0,1,-31.6,-83.55],"c":[],"t":2},{"m":[1.0009613037109375,0,0,1,-18.9,-87.95],"c":[],"t":2},{"m":[1.0009613037109375,0,0,1,-14.9,-70],"c":[],"t":2},null,{"m":[1.0009613037109375,0,0,1,-31.75,-82.6],"c":[],"t":2},{"m":[1.0009613037109375,0,0,1,-18.9,-86.85],"c":[],"t":2},{"m":[1.0009613037109375,0,0,1,-15.7,-70.3],"c":[],"t":2},null,{"m":[1.0009613037109375,0,0,1,-31.9,-81.7],"c":[],"t":2},{"m":[1.0009613037109375,0,0,1,-18.9,-85.7],"c":[],"t":2},{"m":[1.0009613037109375,0,0,1,-16.55,-70.55],"c":[],"t":2},null,{"m":[1.0009613037109375,0,0,1,-32,-80.8],"c":[],"t":2},{"m":[1.0009613037109375,0,0,1,-18.9,-84.55],"c":[],"t":2},{"m":[1.0009613037109375,0,0,1,-17.35,-70.8],"c":[],"t":2},null,{"m":[1.0009613037109375,0,0,1,-32.15,-79.9],"c":[],"t":2},{"m":[1.0009613037109375,0,0,1,-18.9,-83.4],"c":[],"t":2},{"m":[1.0009613037109375,0,0,1,-18.2,-71.1],"c":[],"t":2},null,{"m":[1.0009613037109375,0,0,1,-32.3,-78.95],"c":[],"t":2},{"m":[1.0009613037109375,0,0,1,-18.9,-82.25],"c":[],"t":2},{"m":[1.0009613037109375,0,0,1,-19,-71.35],"c":[],"t":2},null,{"m":[1.0009613037109375,0,0,1,-32.45,-78.05],"c":[],"t":2},{"m":[1.0009613037109375,0,0,1,-18.9,-81.1],"c":[],"t":2},{"m":[1.0009613037109375,0,0,1,-19.85,-71.6],"c":[],"t":2},null,{"m":[1.0009613037109375,0,0,1,-32.6,-77.15],"c":[],"t":2},{"m":[1.0009613037109375,0,0,1,-18.9,-79.95],"c":[],"t":2},{"m":[1.0009613037109375,0,0,1,-20.65,-71.9],"c":[],"t":2},null,{"m":[1.0009613037109375,0,0,1,-32.75,-76.25],"c":[],"t":2},{"m":[1.0009613037109375,0,0,1,-18.9,-78.85],"c":[],"t":2},{"m":[1.0009613037109375,0,0,1,-21.5,-72.15],"c":[],"t":2},null,{"m":[1.0009613037109375,0,0,1,-32.9,-75.3],"c":[],"t":2},{"m":[1.0009613037109375,0,0,1,-18.9,-77.7],"c":[],"t":2},{"m":[1.0009613037109375,0,0,1,-22.3,-72.4],"c":[],"t":2},null,{"m":[1.0009613037109375,0,0,1,-33.05,-74.4],"c":[],"t":2},{"m":[1.0009613037109375,0,0,1,-18.9,-76.55],"c":[],"t":2},{"m":[1.0009613037109375,0,0,1,-23.15,-72.7],"c":[],"t":2},null,{"m":[1.0009613037109375,0,0,1,-33.2,-73.5],"c":[],"t":2},{"m":[1.0009613037109375,0,0,1,-18.9,-75.4],"c":[],"t":2},{"m":[1.0009613037109375,0,0,1,-23.95,-72.95],"c":[],"t":2},null,null,null,null,null,null,null,null,null,null,null,null,null,null,null,null,null,null,null,null,null,null],"f":[[[0,0],[1,0],[2,0],[3,0]],[[0,6],[1,7],[8,0],[2,0],[3,0]],[[0,10],[1,11],[8,0],[2,0],[3,0]],[[0,14],[1,15],[2,0],[3,0]],[[0,17],[1,18],[19,0],[2,0],[3,0]],[[0,21],[1,22],[23,0],[19,24],[2,0],[3,0]],[[0,26],[1,27],[23,28],[19,29],[2,0],[3,0]],[[0,31],[1,32],[23,33],[19,34],[35,0],[2,0],[3,0]],[[0,31],[1,37],[23,38],[19,39],[35,40],[2,0],[3,0]],[[0,31],[1,42],[23,43],[19,44],[35,45],[2,0],[3,0]],[[0,31],[1,47],[23,48],[19,49],[35,50],[2,0],[3,0]],[[0,31],[1,47],[23,52],[19,53],[35,54],[2,0],[3,0]],[[0,31],[1,47],[23,56],[19,57],[35,58],[2,0],[3,0]],[[0,31],[1,47],[23,60],[19,61],[35,62],[2,0],[3,0]],[[0,31],[1,47],[23,64],[19,65],[35,66],[2,0],[3,0]],[[0,31],[1,47],[23,68],[19,69],[35,70],[2,0],[3,0]],[[0,31],[1,47],[23,72],[19,73],[35,74],[2,0],[3,0]],[[0,31],[1,47],[23,76],[19,77],[35,78],[2,0],[3,0]],[[0,31],[1,47],[23,80],[19,81],[35,82],[2,0],[3,0]],[[0,31],[1,47],[23,84],[19,85],[35,86],[2,0],[3,0]],[[0,31],[1,47],[23,88],[19,89],[35,90],[2,0],[3,0]],[[0,31],[1,47],[23,92],[19,93],[35,94],[2,0],[3,0]],[[0,31],[1,47],[23,96],[19,97],[35,98],[2,0],[3,0]],[[0,31],[1,47],[23,100],[19,101],[35,102],[2,0],[3,0]],[[0,31],[1,47],[23,104],[19,105],[35,106],[2,0],[3,0]],[[0,31],[1,47],[23,108],[19,109],[35,110],[2,0],[3,0]],[[0,31],[1,47],[23,112],[19,113],[35,114],[2,0],[3,0]],[[0,31],[1,47],[23,116],[19,117],[35,118],[2,0],[3,0]],[[0,31],[1,47],[23,120],[19,121],[35,122],[2,0],[3,0]],[[0,31],[1,47],[23,124],[19,125],[35,126],[2,0],[3,0]],[[0,31],[1,47],[23,128],[19,129],[35,130],[2,0],[3,0]],[[0,31],[1,47],[23,132],[19,133],[35,134],[2,0],[3,0]],[[0,31],[1,47],[23,136],[19,137],[35,138],[2,0],[3,0]],[[0,31],[1,47],[2,0],[3,0]],[[0,31],[1,47],[2,0],[3,0]],[[0,31],[1,47],[2,0],[3,0]],[[0,31],[1,47],[2,0],[3,0]],[[0,31],[1,47],[2,0],[3,0]],[[0,31],[1,47],[2,0],[3,0]],[[0,31],[1,47],[2,0],[3,0]],[[0,31],[1,47],[2,0],[3,0]],[[0,31],[1,47],[2,0],[3,0]],[[0,31],[1,47],[2,0],[3,0]],[[0,31],[1,47],[2,0],[3,0]],[[0,31],[1,47],[2,0],[3,0]],[[0,31],[1,47],[2,0],[3,0]],[[0,31],[1,47],[2,0],[3,0]],[[0,31],[1,47],[2,0],[3,0]],[[0,31],[1,47],[2,0],[3,0]],[[0,31],[1,47],[2,0],[3,0]]],"t":3},"tank_1201":{"m":[1,0,0,1,0,0],"c":[{"m":[1,0,0,1,0,0.1],"c":[{"m":[1,0,0,1,-0.05,0],"c":[{"b":[-14.5,-44,29,88],"m":[-1,0,0,1,31.3,0.5],"c":[{"id":32,"m":[1,0,0,1,-14.5,-44],"t":1}],"t":2},{"b":[-14.5,-44,29,88],"m":[-1,0,0,1,-31.2,0.5],"c":[{"id":32,"m":[1,0,0,1,-14.5,-44],"t":1}],"t":2},null,{"b":[-14.5,-44,29,88],"m":[-1,0,0,1,31.3,0.5],"c":[{"id":34,"m":[1,0,0,1,-14.5,-44],"t":1}],"t":2},{"b":[-14.5,-44,29,88],"m":[-1,0,0,1,-31.2,0.5],"c":[{"id":34,"m":[1,0,0,1,-14.5,-44],"t":1}],"t":2},null,{"b":[-14.5,-44,29,88],"m":[-1,0,0,1,31.3,0.5],"c":[{"id":36,"m":[1,0,0,1,-14.5,-44],"t":1}],"t":2},{"b":[-14.5,-44,29,88],"m":[-1,0,0,1,-31.2,0.5],"c":[{"id":36,"m":[1,0,0,1,-14.5,-44],"t":1}],"t":2},null,{"b":[-14.5,-44,29,88],"m":[-1,0,0,1,31.3,0.5],"c":[{"id":38,"m":[1,0,0,1,-14.5,-44],"t":1}],"t":2},{"b":[-14.5,-44,29,88],"m":[-1,0,0,1,-31.2,0.5],"c":[{"id":38,"m":[1,0,0,1,-14.5,-44],"t":1}],"t":2},null,{"b":[-14.5,-44,29,88],"m":[-1,0,0,1,31.3,0.5],"c":[{"id":40,"m":[1,0,0,1,-14.5,-44],"t":1}],"t":2},{"b":[-14.5,-44,29,88],"m":[-1,0,0,1,-31.2,0.5],"c":[{"id":40,"m":[1,0,0,1,-14.5,-44],"t":1}],"t":2},null,{"b":[-14.5,-44,29,88],"m":[-1,0,0,1,31.3,0.5],"c":[{"id":32,"m":[1,0,0,1,-14.5,-44],"t":1}],"t":2},{"b":[-14.5,-44,29,88],"m":[-1,0,0,1,-31.2,0.5],"c":[{"id":32,"m":[1,0,0,1,-14.5,-44],"t":1}],"t":2},null,null,{"b":[-14.5,-44,29,88],"m":[-1,0,0,1,31.3,0.5],"c":[{"id":34,"m":[1,0,0,1,-14.5,-44],"t":1}],"t":2},{"b":[-14.5,-44,29,88],"m":[-1,0,0,1,-31.2,0.5],"c":[{"id":34,"m":[1,0,0,1,-14.5,-44],"t":1}],"t":2},null,{"b":[-14.5,-44,29,88],"m":[-1,0,0,1,31.3,0.5],"c":[{"id":36,"m":[1,0,0,1,-14.5,-44],"t":1}],"t":2},{"b":[-14.5,-44,29,88],"m":[-1,0,0,1,-31.2,0.5],"c":[{"id":36,"m":[1,0,0,1,-14.5,-44],"t":1}],"t":2},null,{"b":[-14.5,-44,29,88],"m":[-1,0,0,1,31.3,0.5],"c":[{"id":38,"m":[1,0,0,1,-14.5,-44],"t":1}],"t":2},{"b":[-14.5,-44,29,88],"m":[-1,0,0,1,-31.2,0.5],"c":[{"id":38,"m":[1,0,0,1,-14.5,-44],"t":1}],"t":2},null,{"b":[-14.5,-44,29,88],"m":[-1,0,0,1,31.3,0.5],"c":[{"id":40,"m":[1,0,0,1,-14.5,-44],"t":1}],"t":2},{"b":[-14.5,-44,29,88],"m":[-1,0,0,1,-31.2,0.5],"c":[{"id":40,"m":[1,0,0,1,-14.5,-44],"t":1}],"t":2},null,{"b":[-14.5,-44,29,88],"m":[-1,0,0,1,31.3,0.5],"c":[{"id":32,"m":[1,0,0,1,-14.5,-44],"t":1}],"t":2},{"b":[-14.5,-44,29,88],"m":[-1,0,0,1,-31.2,0.5],"c":[{"id":32,"m":[1,0,0,1,-14.5,-44],"t":1}],"t":2},null,null,{"b":[-14.5,-44,29,88],"m":[-1,0,0,1,31.3,0.5],"c":[{"id":34,"m":[1,0,0,1,-14.5,-44],"t":1}],"t":2},{"b":[-14.5,-44,29,88],"m":[-1,0,0,1,-31.2,0.5],"c":[{"id":34,"m":[1,0,0,1,-14.5,-44],"t":1}],"t":2},null,{"b":[-14.5,-44,29,88],"m":[-1,0,0,1,31.3,0.5],"c":[{"id":36,"m":[1,0,0,1,-14.5,-44],"t":1}],"t":2},{"b":[-14.5,-44,29,88],"m":[-1,0,0,1,-31.2,0.5],"c":[{"id":36,"m":[1,0,0,1,-14.5,-44],"t":1}],"t":2},null,{"b":[-14.5,-44,29,88],"m":[-1,0,0,1,31.3,0.5],"c":[{"id":38,"m":[1,0,0,1,-14.5,-44],"t":1}],"t":2},{"b":[-14.5,-44,29,88],"m":[-1,0,0,1,-31.2,0.5],"c":[{"id":38,"m":[1,0,0,1,-14.5,-44],"t":1}],"t":2},null,{"b":[-14.5,-44,29,88],"m":[-1,0,0,1,31.3,0.5],"c":[{"id":40,"m":[1,0,0,1,-14.5,-44],"t":1}],"t":2},{"b":[-14.5,-44,29,88],"m":[-1,0,0,1,-31.2,0.5],"c":[{"id":40,"m":[1,0,0,1,-14.5,-44],"t":1}],"t":2},null,{"b":[-14.5,-44,29,88],"m":[-1,0,0,1,31.3,0.5],"c":[{"id":32,"m":[1,0,0,1,-14.5,-44],"t":1}],"t":2},{"b":[-14.5,-44,29,88],"m":[-1,0,0,1,-31.2,0.5],"c":[{"id":32,"m":[1,0,0,1,-14.5,-44],"t":1}],"t":2},null,null,{"b":[-14.5,-44,29,88],"m":[-1,0,0,1,31.3,0.5],"c":[{"id":34,"m":[1,0,0,1,-14.5,-44],"t":1}],"t":2},{"b":[-14.5,-44,29,88],"m":[-1,0,0,1,-31.2,0.5],"c":[{"id":34,"m":[1,0,0,1,-14.5,-44],"t":1}],"t":2},null,{"b":[-14.5,-44,29,88],"m":[-1,0,0,1,31.3,0.5],"c":[{"id":36,"m":[1,0,0,1,-14.5,-44],"t":1}],"t":2},{"b":[-14.5,-44,29,88],"m":[-1,0,0,1,-31.2,0.5],"c":[{"id":36,"m":[1,0,0,1,-14.5,-44],"t":1}],"t":2},null,{"b":[-14.5,-44,29,88],"m":[-1,0,0,1,31.3,0.5],"c":[{"id":38,"m":[1,0,0,1,-14.5,-44],"t":1}],"t":2},{"b":[-14.5,-44,29,88],"m":[-1,0,0,1,-31.2,0.5],"c":[{"id":38,"m":[1,0,0,1,-14.5,-44],"t":1}],"t":2},null,{"b":[-14.5,-44,29,88],"m":[-1,0,0,1,31.3,0.5],"c":[{"id":40,"m":[1,0,0,1,-14.5,-44],"t":1}],"t":2},{"b":[-14.5,-44,29,88],"m":[-1,0,0,1,-31.2,0.5],"c":[{"id":40,"m":[1,0,0,1,-14.5,-44],"t":1}],"t":2},null,{"b":[-14.5,-44,29,88],"m":[-1,0,0,1,31.3,0.5],"c":[{"id":32,"m":[1,0,0,1,-14.5,-44],"t":1}],"t":2},{"b":[-14.5,-44,29,88],"m":[-1,0,0,1,-31.2,0.5],"c":[{"id":32,"m":[1,0,0,1,-14.5,-44],"t":1}],"t":2},null,null,{"b":[-14.5,-44,29,88],"m":[-1,0,0,1,31.3,0.5],"c":[{"id":34,"m":[1,0,0,1,-14.5,-44],"t":1}],"t":2},{"b":[-14.5,-44,29,88],"m":[-1,0,0,1,-31.2,0.5],"c":[{"id":34,"m":[1,0,0,1,-14.5,-44],"t":1}],"t":2},null,{"b":[-14.5,-44,29,88],"m":[-1,0,0,1,31.3,0.5],"c":[{"id":36,"m":[1,0,0,1,-14.5,-44],"t":1}],"t":2},{"b":[-14.5,-44,29,88],"m":[-1,0,0,1,-31.2,0.5],"c":[{"id":36,"m":[1,0,0,1,-14.5,-44],"t":1}],"t":2},null,{"b":[-14.5,-44,29,88],"m":[-1,0,0,1,31.3,0.5],"c":[{"id":38,"m":[1,0,0,1,-14.5,-44],"t":1}],"t":2},{"b":[-14.5,-44,29,88],"m":[-1,0,0,1,-31.2,0.5],"c":[{"id":38,"m":[1,0,0,1,-14.5,-44],"t":1}],"t":2},null,{"b":[-14.5,-44,29,88],"m":[-1,0,0,1,31.3,0.5],"c":[{"id":40,"m":[1,0,0,1,-14.5,-44],"t":1}],"t":2},{"b":[-14.5,-44,29,88],"m":[-1,0,0,1,-31.2,0.5],"c":[{"id":40,"m":[1,0,0,1,-14.5,-44],"t":1}],"t":2},null,{"b":[-14.5,-44,29,88],"m":[-1,0,0,1,31.3,0.5],"c":[{"id":32,"m":[1,0,0,1,-14.5,-44],"t":1}],"t":2},{"b":[-14.5,-44,29,88],"m":[-1,0,0,1,-31.2,0.5],"c":[{"id":32,"m":[1,0,0,1,-14.5,-44],"t":1}],"t":2},null,null,{"b":[-14.5,-44,29,88],"m":[-1,0,0,1,31.3,0.5],"c":[{"id":34,"m":[1,0,0,1,-14.5,-44],"t":1}],"t":2},{"b":[-14.5,-44,29,88],"m":[-1,0,0,1,-31.2,0.5],"c":[{"id":34,"m":[1,0,0,1,-14.5,-44],"t":1}],"t":2},null,{"b":[-14.5,-44,29,88],"m":[-1,0,0,1,31.3,0.5],"c":[{"id":36,"m":[1,0,0,1,-14.5,-44],"t":1}],"t":2},{"b":[-14.5,-44,29,88],"m":[-1,0,0,1,-31.2,0.5],"c":[{"id":36,"m":[1,0,0,1,-14.5,-44],"t":1}],"t":2},null,{"b":[-14.5,-44,29,88],"m":[-1,0,0,1,31.3,0.5],"c":[{"id":38,"m":[1,0,0,1,-14.5,-44],"t":1}],"t":2},{"b":[-14.5,-44,29,88],"m":[-1,0,0,1,-31.2,0.5],"c":[{"id":38,"m":[1,0,0,1,-14.5,-44],"t":1}],"t":2},null,{"b":[-14.5,-44,29,88],"m":[-1,0,0,1,31.3,0.5],"c":[{"id":40,"m":[1,0,0,1,-14.5,-44],"t":1}],"t":2},{"b":[-14.5,-44,29,88],"m":[-1,0,0,1,-31.2,0.5],"c":[{"id":40,"m":[1,0,0,1,-14.5,-44],"t":1}],"t":2},null,{"b":[-14.5,-44,29,88],"m":[-1,0,0,1,31.3,0.5],"c":[{"id":32,"m":[1,0,0,1,-14.5,-44],"t":1}],"t":2},{"b":[-14.5,-44,29,88],"m":[-1,0,0,1,-31.2,0.5],"c":[{"id":32,"m":[1,0,0,1,-14.5,-44],"t":1}],"t":2},null,null,null],"f":[[[0,0],[1,0]],[[3,0],[4,0]],[[6,0],[7,0]],[[9,0],[10,0]],[[12,0],[13,0]],[[15,0],[16,0]],[[15,0],[16,0]],[[19,0],[20,0]],[[22,0],[23,0]],[[25,0],[26,0]],[[28,0],[29,0]],[[31,0],[32,0]],[[31,0],[32,0]],[[35,0],[36,0]],[[38,0],[39,0]],[[41,0],[42,0]],[[44,0],[45,0]],[[47,0],[48,0]],[[47,0],[48,0]],[[51,0],[52,0]],[[54,0],[55,0]],[[57,0],[58,0]],[[60,0],[61,0]],[[63,0],[64,0]],[[63,0],[64,0]],[[67,0],[68,0]],[[70,0],[71,0]],[[73,0],[74,0]],[[76,0],[77,0]],[[79,0],[80,0]],[[79,0],[80,0]],[[83,0],[84,0]],[[86,0],[87,0]],[[89,0],[90,0]],[[92,0],[93,0]],[[95,0],[96,0]],[[95,0],[96,0]]],"n":"tracks","t":3},{"m":[0.999298095703125,0,0,1.0000457763671875,0,0],"c":[{"b":[-40,-46,80,92],"m":[1,0,0,1,0,0],"c":[{"id":43,"m":[1,0,0,1,-40,-46],"t":1}],"t":2},{"b":[-16.3,-15.5,32.6,31],"m":[1,0,0,1,0,-46.15],"c":[{"id":45,"m":[1.019287109375,0,0,1,-16.3,-15.5],"t":1}],"t":2},{"m":[0.68060302734375,0,0,0.68060302734375,0.25,-62.6],"c":[null,null],"f":[[]],"n":"s1","t":3},{"m":[0.68060302734375,0,0,0.68060302734375,0.25,-76.2],"c":[null,null],"f":[[]],"n":"p1","t":3},null,null,{"m":[1,0,0,1,0,13],"c":[],"t":2},{"m":[1,0,0,1,0,-27.65],"c":[],"t":2},{"m":[-1.0009613037109375,0,0,-1,1.2,-87.35],"c":[{"b":[-23.9,-41.1,47.95,81.95],"m":[1,0,0,1,-0.05,0],"c":[{"id":48,"m":[0.9989570379257202,0,0,0.9993904232978821,-23.9,-41.1],"t":1}],"t":2},null,null],"f":[[[0,0]]],"t":3},null,{"m":[1,0,0,1,0,11.2],"c":[],"t":2},{"m":[1,0,0,1,0,-29.45],"c":[],"t":2},null,null,{"m":[1,0,0,1,0,9.4],"c":[],"t":2},{"m":[1,0,0,1,0,-31.25],"c":[],"t":2},null,{"m":[1,0,0,1,0,7.55],"c":[],"t":2},{"m":[1,0,0,1,0,-33.1],"c":[],"t":2},{"m":[1.0009613037109375,0,0,1,-0.4,-61.25],"c":[{"b":[-22.9,-23.4,46,47],"m":[1,0,0,1,0,0],"c":[{"id":51,"m":[1,0,0,1,-22.9,-23.4],"t":1}],"t":2},null,null],"f":[[[0,0]]],"t":3},null,{"m":[1,0,0,1,0,5.75],"c":[],"t":2},{"m":[1,0,0,1,0,-34.9],"c":[],"t":2},{"m":[1.0009613037109375,0,0,1,-13.9,-72.15],"c":[{"b":[-22.9,-23.4,46,47],"m":[1,0,0,1,0,0],"c":[{"id":51,"m":[1,0,0,1,-22.9,-23.4],"t":1}],"t":2},null,null],"f":[[[0,0]]],"t":3},{"m":[1.0009613037109375,0,0,1,-1.7,-63.4],"c":[],"t":2},null,{"m":[1,0,0,1,0,3.95],"c":[],"t":2},{"m":[1.000030517578125,0,0,1,0,-39.45],"c":[],"t":2},{"m":[1.0009613037109375,0,0,1,-15.6,-73.85],"c":[],"t":2},{"m":[1.0009613037109375,0,0,1,-3.05,-65.55],"c":[],"t":2},null,{"m":[1,0,0,1,0,0],"c":[],"t":2},{"m":[1.0000457763671875,0,0,1,-0.05,-44],"c":[],"t":2},{"m":[1.0009613037109375,0,0,1,-17.25,-75.5],"c":[],"t":2},{"m":[1.0009613037109375,0,0,1,-4.35,-67.7],"c":[],"t":2},{"m":[1.0009613037109375,0,0,1,-3.35,-66.3],"c":[{"b":[-22.9,-23.4,46,47],"m":[1,0,0,1,0,0],"c":[{"id":51,"m":[1,0,0,1,-22.9,-23.4],"t":1}],"t":2},null,null],"f":[[[0,0]]],"t":3},null,{"m":[1.0000457763671875,0,0,1,-0.05,-44.45],"c":[],"t":2},{"m":[1.0009613037109375,0,0,1,-18.95,-77.2],"c":[],"t":2},{"m":[1.0009613037109375,0,0,1,-5.7,-69.85],"c":[],"t":2},{"m":[1.0009613037109375,0,0,1,-4.15,-66.55],"c":[],"t":2},null,{"m":[1.000030517578125,0,0,1,-0.05,-44.95],"c":[],"t":2},{"m":[1.0009613037109375,0,0,1,-20.6,-78.9],"c":[],"t":2},{"m":[1.0009613037109375,0,0,1,-7,-72],"c":[],"t":2},{"m":[1.0009613037109375,0,0,1,-5,-66.85],"c":[],"t":2},null,{"m":[1,0,0,1,0,-46.15],"c":[],"t":2},{"m":[1.0009613037109375,0,0,1,-22.3,-80.55],"c":[],"t":2},{"m":[1.0009613037109375,0,0,1,-8.35,-74.15],"c":[],"t":2},{"m":[1.0009613037109375,0,0,1,-5.8,-67.1],"c":[],"t":2},null,{"m":[1.0009613037109375,0,0,1,-24,-82.25],"c":[],"t":2},{"m":[1.0009613037109375,0,0,1,-9.65,-76.3],"c":[],"t":2},{"m":[1.0009613037109375,0,0,1,-6.65,-67.35],"c":[],"t":2},null,{"m":[1.0009613037109375,0,0,1,-25.65,-83.95],"c":[],"t":2},{"m":[1.0009613037109375,0,0,1,-10.95,-78.5],"c":[],"t":2},{"m":[1.0009613037109375,0,0,1,-7.45,-67.65],"c":[],"t":2},null,{"m":[1.0009613037109375,0,0,1,-27.35,-85.65],"c":[],"t":2},{"m":[1.0009613037109375,0,0,1,-12.3,-80.65],"c":[],"t":2},{"m":[1.0009613037109375,0,0,1,-8.3,-67.9],"c":[],"t":2},null,{"m":[1.0009613037109375,0,0,1,-29,-87.3],"c":[],"t":2},{"m":[1.0009613037109375,0,0,1,-13.6,-82.8],"c":[],"t":2},{"m":[1.0009613037109375,0,0,1,-9.1,-68.15],"c":[],"t":2},null,{"m":[1.0009613037109375,0,0,1,-30.7,-89],"c":[],"t":2},{"m":[1.0009613037109375,0,0,1,-14.95,-84.95],"c":[],"t":2},{"m":[1.0009613037109375,0,0,1,-9.95,-68.45],"c":[],"t":2},null,{"m":[1.0009613037109375,0,0,1,-30.85,-88.1],"c":[],"t":2},{"m":[1.0009613037109375,0,0,1,-16.25,-87.1],"c":[],"t":2},{"m":[1.0009613037109375,0,0,1,-10.75,-68.7],"c":[],"t":2},null,{"m":[1.0009613037109375,0,0,1,-31,-87.2],"c":[],"t":2},{"m":[1.0009613037109375,0,0,1,-17.6,-89.25],"c":[],"t":2},{"m":[1.0009613037109375,0,0,1,-11.6,-68.95],"c":[],"t":2},null,{"m":[1.0009613037109375,0,0,1,-31.15,-86.25],"c":[],"t":2},{"m":[1.0009613037109375,0,0,1,-18.9,-91.4],"c":[],"t":2},{"m":[1.0009613037109375,0,0,1,-12.4,-69.25],"c":[],"t":2},null,{"m":[1.0009613037109375,0,0,1,-31.3,-85.35],"c":[],"t":2},{"m":[1.0009613037109375,0,0,1,-18.9,-90.25],"c":[],"t":2},{"m":[1.0009613037109375,0,0,1,-13.25,-69.5],"c":[],"t":2},null,{"m":[1.0009613037109375,0,0,1,-31.45,-84.45],"c":[],"t":2},{"m":[1.0009613037109375,0,0,1,-18.9,-89.1],"c":[],"t":2},{"m":[1.0009613037109375,0,0,1,-14.05,-69.75],"c":[],"t":2},null,{"m":[1.0009613037109375,0,0,1,-31.6,-83.55],"c":[],"t":2},{"m":[1.0009613037109375,0,0,1,-18.9,-87.95],"c":[],"t":2},{"m":[1.0009613037109375,0,0,1,-14.9,-70],"c":[],"t":2},null,{"m":[1.0009613037109375,0,0,1,-31.75,-82.6],"c":[],"t":2},{"m":[1.0009613037109375,0,0,1,-18.9,-86.85],"c":[],"t":2},{"m":[1.0009613037109375,0,0,1,-15.7,-70.3],"c":[],"t":2},null,{"m":[1.0009613037109375,0,0,1,-31.9,-81.7],"c":[],"t":2},{"m":[1.0009613037109375,0,0,1,-18.9,-85.7],"c":[],"t":2},{"m":[1.0009613037109375,0,0,1,-16.55,-70.55],"c":[],"t":2},null,{"m":[1.0009613037109375,0,0,1,-32,-80.8],"c":[],"t":2},{"m":[1.0009613037109375,0,0,1,-18.9,-84.55],"c":[],"t":2},{"m":[1.0009613037109375,0,0,1,-17.35,-70.8],"c":[],"t":2},null,{"m":[1.0009613037109375,0,0,1,-32.15,-79.9],"c":[],"t":2},{"m":[1.0009613037109375,0,0,1,-18.9,-83.4],"c":[],"t":2},{"m":[1.0009613037109375,0,0,1,-18.2,-71.1],"c":[],"t":2},null,{"m":[1.0009613037109375,0,0,1,-32.3,-78.95],"c":[],"t":2},{"m":[1.0009613037109375,0,0,1,-18.9,-82.25],"c":[],"t":2},{"m":[1.0009613037109375,0,0,1,-19,-71.35],"c":[],"t":2},null,{"m":[1.0009613037109375,0,0,1,-32.45,-78.05],"c":[],"t":2},{"m":[1.0009613037109375,0,0,1,-18.9,-81.1],"c":[],"t":2},{"m":[1.0009613037109375,0,0,1,-19.85,-71.6],"c":[],"t":2},null,{"m":[1.0009613037109375,0,0,1,-32.6,-77.15],"c":[],"t":2},{"m":[1.0009613037109375,0,0,1,-18.9,-79.95],"c":[],"t":2},{"m":[1.0009613037109375,0,0,1,-20.65,-71.9],"c":[],"t":2},null,{"m":[1.0009613037109375,0,0,1,-32.75,-76.25],"c":[],"t":2},{"m":[1.0009613037109375,0,0,1,-18.9,-78.85],"c":[],"t":2},{"m":[1.0009613037109375,0,0,1,-21.5,-72.15],"c":[],"t":2},null,{"m":[1.0009613037109375,0,0,1,-32.9,-75.3],"c":[],"t":2},{"m":[1.0009613037109375,0,0,1,-18.9,-77.7],"c":[],"t":2},{"m":[1.0009613037109375,0,0,1,-22.3,-72.4],"c":[],"t":2},null,{"m":[1.0009613037109375,0,0,1,-33.05,-74.4],"c":[],"t":2},{"m":[1.0009613037109375,0,0,1,-18.9,-76.55],"c":[],"t":2},{"m":[1.0009613037109375,0,0,1,-23.15,-72.7],"c":[],"t":2},null,{"m":[1.0009613037109375,0,0,1,-33.2,-73.5],"c":[],"t":2},{"m":[1.0009613037109375,0,0,1,-18.9,-75.4],"c":[],"t":2},{"m":[1.0009613037109375,0,0,1,-23.95,-72.95],"c":[],"t":2},null,null,null,null,null,null,null,null,null,null,null,null,null,null,null,null,null,null,null,null,null,null],"f":[[[0,0],[1,0],[2,0],[3,0]],[[0,6],[1,7],[8,0],[2,0],[3,0]],[[0,10],[1,11],[8,0],[2,0],[3,0]],[[0,14],[1,15],[2,0],[3,0]],[[0,17],[1,18],[19,0],[2,0],[3,0]],[[0,21],[1,22],[23,0],[19,24],[2,0],[3,0]],[[0,26],[1,27],[23,28],[19,29],[2,0],[3,0]],[[0,31],[1,32],[23,33],[19,34],[35,0],[2,0],[3,0]],[[0,31],[1,37],[23,38],[19,39],[35,40],[2,0],[3,0]],[[0,31],[1,42],[23,43],[19,44],[35,45],[2,0],[3,0]],[[0,31],[1,47],[23,48],[19,49],[35,50],[2,0],[3,0]],[[0,31],[1,47],[23,52],[19,53],[35,54],[2,0],[3,0]],[[0,31],[1,47],[23,56],[19,57],[35,58],[2,0],[3,0]],[[0,31],[1,47],[23,60],[19,61],[35,62],[2,0],[3,0]],[[0,31],[1,47],[23,64],[19,65],[35,66],[2,0],[3,0]],[[0,31],[1,47],[23,68],[19,69],[35,70],[2,0],[3,0]],[[0,31],[1,47],[23,72],[19,73],[35,74],[2,0],[3,0]],[[0,31],[1,47],[23,76],[19,77],[35,78],[2,0],[3,0]],[[0,31],[1,47],[23,80],[19,81],[35,82],[2,0],[3,0]],[[0,31],[1,47],[23,84],[19,85],[35,86],[2,0],[3,0]],[[0,31],[1,47],[23,88],[19,89],[35,90],[2,0],[3,0]],[[0,31],[1,47],[23,92],[19,93],[35,94],[2,0],[3,0]],[[0,31],[1,47],[23,96],[19,97],[35,98],[2,0],[3,0]],[[0,31],[1,47],[23,100],[19,101],[35,102],[2,0],[3,0]],[[0,31],[1,47],[23,104],[19,105],[35,106],[2,0],[3,0]],[[0,31],[1,47],[23,108],[19,109],[35,110],[2,0],[3,0]],[[0,31],[1,47],[23,112],[19,113],[35,114],[2,0],[3,0]],[[0,31],[1,47],[23,116],[19,117],[35,118],[2,0],[3,0]],[[0,31],[1,47],[23,120],[19,121],[35,122],[2,0],[3,0]],[[0,31],[1,47],[23,124],[19,125],[35,126],[2,0],[3,0]],[[0,31],[1,47],[23,128],[19,129],[35,130],[2,0],[3,0]],[[0,31],[1,47],[23,132],[19,133],[35,134],[2,0],[3,0]],[[0,31],[1,47],[23,136],[19,137],[35,138],[2,0],[3,0]],[[0,31],[1,47],[2,0],[3,0]],[[0,31],[1,47],[2,0],[3,0]],[[0,31],[1,47],[2,0],[3,0]],[[0,31],[1,47],[2,0],[3,0]],[[0,31],[1,47],[2,0],[3,0]],[[0,31],[1,47],[2,0],[3,0]],[[0,31],[1,47],[2,0],[3,0]],[[0,31],[1,47],[2,0],[3,0]],[[0,31],[1,47],[2,0],[3,0]],[[0,31],[1,47],[2,0],[3,0]],[[0,31],[1,47],[2,0],[3,0]],[[0,31],[1,47],[2,0],[3,0]],[[0,31],[1,47],[2,0],[3,0]],[[0,31],[1,47],[2,0],[3,0]],[[0,31],[1,47],[2,0],[3,0]],[[0,31],[1,47],[2,0],[3,0]],[[0,31],[1,47],[2,0],[3,0]]],"n":"turret","t":3},null,null,null,null,null,{"m":[1,0,0,1,0,0],"c":[{"m":[1,0,0,1,0,0],"c":[{"b":[-57,-61.5,114,123],"m":[1,0,0,1,0,0],"c":[{"id":55,"m":[1,0,0,1,-57,-61.5],"t":1}],"t":2},null,null],"f":[[[0,0]]],"t":3},null,null,null,null,null,null,null,null,null,null,null,null,null,null,null,null,null,null,null,null,null,null,null,null,null,null,null,null,null,null,null,null,null,null,null,null,null,null,null,null,null,null,null,null,null,null,null,null,null,null,null,null,null,null,null,null,null,null,null,null,null,null,{"m":[1,0,0,1,0,0],"c":[],"t":2},null,{"m":[1,0,0,1,0,0],"c":[],"t":2},null,{"m":[1,0,0,1,0,0],"c":[],"t":2},null,{"m":[1,0,0,1,0,0],"c":[],"t":2},null,{"m":[1,0,0,1,0,0],"c":[],"t":2},null,{"m":[1,0,0,1,0,0],"c":[],"t":2},null,{"m":[1,0,0,1,0,0],"c":[],"t":2},null,{"m":[1,0,0,1,0,0],"c":[],"t":2},null,{"m":[1,0,0,1,0,0],"c":[],"t":2},null,{"m":[1,0,0,1,0,0],"c":[],"t":2},null,{"m":[1,0,0,1,0,0],"c":[],"t":2},null,{"m":[1,0,0,1,0,0],"c":[],"t":2},null,{"m":[1,0,0,1,0,0],"c":[],"t":2},null,{"m":[1,0,0,1,0,0],"c":[],"t":2},null,{"m":[1,0,0,1,0,0],"c":[],"t":2},null,{"m":[1,0,0,1,0,0],"c":[],"t":2},null,{"m":[1,0,0,1,0,0],"c":[],"t":2},null,{"m":[1,0,0,1,0,0],"c":[],"t":2},null,{"m":[1,0,0,1,0,0],"c":[],"t":2},null,{"m":[1,0,0,1,0,0],"c":[],"t":2},null,null],"f":[[[0,0]],[[0,0]],[[0,0]],[[0,0]],[[0,0]],[[0,0]],[[0,0]],[[0,0]],[[0,0]],[[0,0]],[[0,0]],[[0,0]],[[0,0]],[[0,0]],[[0,0]],[[0,0]],[[0,0]],[[0,0]],[[0,0]],[[0,0]],[[0,0]],[[0,0]],[[0,0]],[[0,0]],[[0,0]],[[0,0]],[[0,0]],[[0,0]],[[0,0]],[[0,0]],[[0,0]],[[0,0]],[[0,0]],[[0,0]],[[0,0]],[[0,0]],[[0,0]],[[0,0]],[[0,0]],[[0,0]],[[0,0]],[[0,0]],[[0,0]],[[0,0]],[[0,0]],[[0,0]],[[0,0]],[[0,0]],[[0,0]],[[0,0]],[[0,0]],[[0,0]],[[0,0]],[[0,0]],[[0,0]],[[0,0]],[[0,0]],[[0,0]],[[0,0]],[[0,0]],[[0,0]],[[0,0]],[[0,63]],[[0,65]],[[0,67]],[[0,69]],[[0,71]],[[0,73]],[[0,75]],[[0,77]],[[0,79]],[[0,81]],[[0,83]],[[0,85]],[[0,87]],[[0,89]],[[0,91]],[[0,93]],[[0,95]],[[0,97]],[[0,99]],[[0,101]]],"t":3},null,null],"f":[[[0,0],[1,0]],[[0,0],[1,0]],[[0,0],[1,0]],[[7,0]]],"n":"mc","t":3},{"m":[0.609527587890625,0,0,0.6399993896484375,-25,-69.5],"c":[{"m":[-9.04705810546875,0,0,0.20977783203125,0,-6.8],"c":[{"b":[0,0,15,100],"m":[1,0,0,1,0,0],"c":[],"t":2},null,null],"f":[[[0,0]]],"n":"bar","t":3},{"m":[1,0,0,1,0.85,0.1],"c":[{"b":[0,0,82.3,7.8],"m":[1,0,0,1,0,0],"c":[],"t":2},null,null],"f":[[[0,0]]],"n":"red","t":3},{"m":[1,0,0,1,-1,-0.95],"c":[{"b":[0.85,1.05,82.30000000000001,7.8],"m":[1,0,0,1,0,0],"c":[],"t":2},null,null],"f":[[[0,0]]],"n":"blue","t":3},{"b":[-1,-1,84.3,9.8],"m":[1,0,0,1,0,0],"c":[],"t":2},null,{"m":[-9.047195434570313,0,0,0.20977783203125,0.8,-6.8],"c":[],"t":2},null,{"m":[-9.047195434570313,0,0,0.20977783203125,1.65,-6.8],"c":[],"t":2},null,{"m":[-9.047195434570313,0,0,0.20977783203125,2.45,-6.8],"c":[],"t":2},null,{"m":[-9.047195434570313,0,0,0.20977783203125,3.25,-6.8],"c":[],"t":2},null,{"m":[-9.047195434570313,0,0,0.20977783203125,4.1,-6.8],"c":[],"t":2},null,{"m":[-9.047195434570313,0,0,0.20977783203125,4.9,-6.8],"c":[],"t":2},null,{"m":[-9.047195434570313,0,0,0.20977783203125,5.75,-6.8],"c":[],"t":2},null,{"m":[-9.047195434570313,0,0,0.20977783203125,6.55,-6.8],"c":[],"t":2},null,{"m":[-9.047195434570313,0,0,0.20977783203125,7.35,-6.8],"c":[],"t":2},null,{"m":[-9.047195434570313,0,0,0.20977783203125,8.2,-6.8],"c":[],"t":2},null,{"m":[-9.047195434570313,0,0,0.20977783203125,9,-6.8],"c":[],"t":2},null,{"m":[-9.047195434570313,0,0,0.20977783203125,9.8,-6.8],"c":[],"t":2},null,{"m":[-9.047195434570313,0,0,0.20977783203125,10.65,-6.8],"c":[],"t":2},null,{"m":[-9.047195434570313,0,0,0.20977783203125,11.45,-6.8],"c":[],"t":2},null,{"m":[-9.047195434570313,0,0,0.20977783203125,12.25,-6.8],"c":[],"t":2},null,{"m":[-9.047195434570313,0,0,0.20977783203125,13.1,-6.8],"c":[],"t":2},null,{"m":[-9.047195434570313,0,0,0.20977783203125,13.9,-6.8],"c":[],"t":2},null,{"m":[-9.047195434570313,0,0,0.20977783203125,14.75,-6.8],"c":[],"t":2},null,{"m":[-9.047195434570313,0,0,0.20977783203125,15.55,-6.8],"c":[],"t":2},null,{"m":[-9.047195434570313,0,0,0.20977783203125,16.35,-6.8],"c":[],"t":2},null,{"m":[-9.047195434570313,0,0,0.20977783203125,17.2,-6.8],"c":[],"t":2},null,{"m":[-9.047195434570313,0,0,0.20977783203125,18,-6.8],"c":[],"t":2},null,{"m":[-9.047195434570313,0,0,0.20977783203125,18.8,-6.8],"c":[],"t":2},null,{"m":[-9.047195434570313,0,0,0.20977783203125,19.65,-6.8],"c":[],"t":2},null,{"m":[-9.047195434570313,0,0,0.20977783203125,20.45,-6.8],"c":[],"t":2},null,{"m":[-9.047195434570313,0,0,0.20977783203125,21.25,-6.8],"c":[],"t":2},null,{"m":[-9.047195434570313,0,0,0.20977783203125,22.1,-6.8],"c":[],"t":2},null,{"m":[-9.047195434570313,0,0,0.20977783203125,22.9,-6.8],"c":[],"t":2},null,{"m":[-9.047195434570313,0,0,0.20977783203125,23.75,-6.8],"c":[],"t":2},null,{"m":[-9.047195434570313,0,0,0.20977783203125,24.55,-6.8],"c":[],"t":2},null,{"m":[-9.047195434570313,0,0,0.20977783203125,25.35,-6.8],"c":[],"t":2},null,{"m":[-9.047195434570313,0,0,0.20977783203125,26.2,-6.8],"c":[],"t":2},null,{"m":[-9.047195434570313,0,0,0.20977783203125,27,-6.8],"c":[],"t":2},null,{"m":[-9.047195434570313,0,0,0.20977783203125,27.8,-6.8],"c":[],"t":2},null,{"m":[-9.047195434570313,0,0,0.20977783203125,28.65,-6.8],"c":[],"t":2},null,{"m":[-9.047195434570313,0,0,0.20977783203125,29.45,-6.8],"c":[],"t":2},null,{"m":[-9.047195434570313,0,0,0.20977783203125,30.25,-6.8],"c":[],"t":2},null,{"m":[-9.047195434570313,0,0,0.20977783203125,31.1,-6.8],"c":[],"t":2},null,{"m":[-9.047195434570313,0,0,0.20977783203125,31.9,-6.8],"c":[],"t":2},null,{"m":[-9.047195434570313,0,0,0.20977783203125,32.75,-6.8],"c":[],"t":2},null,{"m":[-9.047195434570313,0,0,0.20977783203125,33.55,-6.8],"c":[],"t":2},null,{"m":[-9.047195434570313,0,0,0.20977783203125,34.35,-6.8],"c":[],"t":2},null,{"m":[-9.047195434570313,0,0,0.20977783203125,35.2,-6.8],"c":[],"t":2},null,{"m":[-9.047195434570313,0,0,0.20977783203125,36,-6.8],"c":[],"t":2},null,{"m":[-9.047195434570313,0,0,0.20977783203125,36.8,-6.8],"c":[],"t":2},null,{"m":[-9.047195434570313,0,0,0.20977783203125,37.65,-6.8],"c":[],"t":2},null,{"m":[-9.047195434570313,0,0,0.20977783203125,38.45,-6.8],"c":[],"t":2},null,{"m":[-9.047195434570313,0,0,0.20977783203125,39.25,-6.8],"c":[],"t":2},null,{"m":[-9.047195434570313,0,0,0.20977783203125,40.1,-6.8],"c":[],"t":2},null,{"m":[-9.047195434570313,0,0,0.2097625732421875,40.9,-6.8],"c":[],"t":2},null,{"m":[-9.047195434570313,0,0,0.2097625732421875,41.75,-6.8],"c":[],"t":2},null,{"m":[-9.047195434570313,0,0,0.2097625732421875,42.55,-6.8],"c":[],"t":2},null,{"m":[-9.047195434570313,0,0,0.2097625732421875,43.35,-6.8],"c":[],"t":2},null,{"m":[-9.047195434570313,0,0,0.2097625732421875,44.2,-6.8],"c":[],"t":2},null,{"m":[-9.047195434570313,0,0,0.2097625732421875,45,-6.8],"c":[],"t":2},null,{"m":[-9.047195434570313,0,0,0.2097625732421875,45.8,-6.8],"c":[],"t":2},null,{"m":[-9.047195434570313,0,0,0.2097625732421875,46.65,-6.8],"c":[],"t":2},null,{"m":[-9.047195434570313,0,0,0.2097625732421875,47.45,-6.8],"c":[],"t":2},null,{"m":[-9.047195434570313,0,0,0.2097625732421875,48.25,-6.8],"c":[],"t":2},null,{"m":[-9.047195434570313,0,0,0.2097625732421875,49.1,-6.8],"c":[],"t":2},null,{"m":[-9.047195434570313,0,0,0.2097625732421875,49.9,-6.8],"c":[],"t":2},null,{"m":[-9.047195434570313,0,0,0.2097625732421875,50.75,-6.8],"c":[],"t":2},null,{"m":[-9.047195434570313,0,0,0.2097625732421875,51.55,-6.8],"c":[],"t":2},null,{"m":[-9.047195434570313,0,0,0.2097625732421875,52.35,-6.8],"c":[],"t":2},null,{"m":[-9.047195434570313,0,0,0.2097625732421875,53.2,-6.8],"c":[],"t":2},null,{"m":[-9.047195434570313,0,0,0.2097625732421875,54,-6.8],"c":[],"t":2},null,{"m":[-9.047195434570313,0,0,0.2097625732421875,54.8,-6.8],"c":[],"t":2},null,{"m":[-9.047195434570313,0,0,0.2097625732421875,55.65,-6.8],"c":[],"t":2},null,{"m":[-9.047195434570313,0,0,0.2097625732421875,56.45,-6.8],"c":[],"t":2},null,{"m":[-9.047195434570313,0,0,0.2097625732421875,57.25,-6.8],"c":[],"t":2},null,{"m":[-9.047195434570313,0,0,0.2097625732421875,58.1,-6.8],"c":[],"t":2},null,{"m":[-9.047195434570313,0,0,0.2097625732421875,58.9,-6.8],"c":[],"t":2},null,{"m":[-9.047195434570313,0,0,0.2097625732421875,59.75,-6.8],"c":[],"t":2},null,{"m":[-9.047195434570313,0,0,0.2097625732421875,60.55,-6.8],"c":[],"t":2},null,{"m":[-9.047195434570313,0,0,0.2097625732421875,61.35,-6.8],"c":[],"t":2},null,{"m":[-9.047195434570313,0,0,0.2097625732421875,62.2,-6.8],"c":[],"t":2},null,{"m":[-9.047195434570313,0,0,0.2097625732421875,63,-6.8],"c":[],"t":2},null,{"m":[-9.047195434570313,0,0,0.2097625732421875,63.8,-6.8],"c":[],"t":2},null,{"m":[-9.047195434570313,0,0,0.2097625732421875,64.65,-6.8],"c":[],"t":2},null,{"m":[-9.047195434570313,0,0,0.2097625732421875,65.45,-6.8],"c":[],"t":2},null,{"m":[-9.047195434570313,0,0,0.2097625732421875,66.25,-6.8],"c":[],"t":2},null,{"m":[-9.047195434570313,0,0,0.2097625732421875,67.1,-6.8],"c":[],"t":2},null,{"m":[-9.047195434570313,0,0,0.2097625732421875,67.9,-6.8],"c":[],"t":2},null,{"m":[-9.047195434570313,0,0,0.2097625732421875,68.75,-6.8],"c":[],"t":2},null,{"m":[-9.047195434570313,0,0,0.2097625732421875,69.55,-6.8],"c":[],"t":2},null,{"m":[-9.047195434570313,0,0,0.2097625732421875,70.35,-6.8],"c":[],"t":2},null,{"m":[-9.047195434570313,0,0,0.2097625732421875,71.2,-6.8],"c":[],"t":2},null,{"m":[-9.047195434570313,0,0,0.2097625732421875,72,-6.8],"c":[],"t":2},null,{"m":[-9.047195434570313,0,0,0.2097625732421875,72.8,-6.8],"c":[],"t":2},null,{"m":[-9.047195434570313,0,0,0.2097625732421875,73.65,-6.8],"c":[],"t":2},null,{"m":[-9.047195434570313,0,0,0.2097625732421875,74.45,-6.8],"c":[],"t":2},null,{"m":[-9.047195434570313,0,0,0.2097625732421875,75.25,-6.8],"c":[],"t":2},null,{"m":[-9.047195434570313,0,0,0.2097625732421875,76.1,-6.8],"c":[],"t":2},null,{"m":[-9.047195434570313,0,0,0.2097625732421875,76.9,-6.8],"c":[],"t":2},null,{"m":[-9.047195434570313,0,0,0.2097625732421875,77.75,-6.8],"c":[],"t":2},null,{"m":[-9.047195434570313,0,0,0.2097625732421875,78.55,-6.8],"c":[],"t":2},null,{"m":[-9.047195434570313,0,0,0.2097625732421875,79.35,-6.8],"c":[],"t":2},null,{"m":[-9.047195434570313,0,0,0.2097625732421875,80.2,-6.8],"c":[],"t":2},null,{"m":[-9.04705810546875,0,0,0.2097625732421875,81,-6.8],"c":[],"t":2},null,null],"f":[[[0,0],[1,0],[2,0],[3,0]],[[0,5],[1,0],[2,0],[3,0]],[[0,7],[1,0],[2,0],[3,0]],[[0,9],[1,0],[2,0],[3,0]],[[0,11],[1,0],[2,0],[3,0]],[[0,13],[1,0],[2,0],[3,0]],[[0,15],[1,0],[2,0],[3,0]],[[0,17],[1,0],[2,0],[3,0]],[[0,19],[1,0],[2,0],[3,0]],[[0,21],[1,0],[2,0],[3,0]],[[0,23],[1,0],[2,0],[3,0]],[[0,25],[1,0],[2,0],[3,0]],[[0,27],[1,0],[2,0],[3,0]],[[0,29],[1,0],[2,0],[3,0]],[[0,31],[1,0],[2,0],[3,0]],[[0,33],[1,0],[2,0],[3,0]],[[0,35],[1,0],[2,0],[3,0]],[[0,37],[1,0],[2,0],[3,0]],[[0,39],[1,0],[2,0],[3,0]],[[0,41],[1,0],[2,0],[3,0]],[[0,43],[1,0],[2,0],[3,0]],[[0,45],[1,0],[2,0],[3,0]],[[0,47],[1,0],[2,0],[3,0]],[[0,49],[1,0],[2,0],[3,0]],[[0,51],[1,0],[2,0],[3,0]],[[0,53],[1,0],[2,0],[3,0]],[[0,55],[1,0],[2,0],[3,0]],[[0,57],[1,0],[2,0],[3,0]],[[0,59],[1,0],[2,0],[3,0]],[[0,61],[1,0],[2,0],[3,0]],[[0,63],[1,0],[2,0],[3,0]],[[0,65],[1,0],[2,0],[3,0]],[[0,67],[1,0],[2,0],[3,0]],[[0,69],[1,0],[2,0],[3,0]],[[0,71],[1,0],[2,0],[3,0]],[[0,73],[1,0],[2,0],[3,0]],[[0,75],[1,0],[2,0],[3,0]],[[0,77],[1,0],[2,0],[3,0]],[[0,79],[1,0],[2,0],[3,0]],[[0,81],[1,0],[2,0],[3,0]],[[0,83],[1,0],[2,0],[3,0]],[[0,85],[1,0],[2,0],[3,0]],[[0,87],[1,0],[2,0],[3,0]],[[0,89],[1,0],[2,0],[3,0]],[[0,91],[1,0],[2,0],[3,0]],[[0,93],[1,0],[2,0],[3,0]],[[0,95],[1,0],[2,0],[3,0]],[[0,97],[1,0],[2,0],[3,0]],[[0,99],[1,0],[2,0],[3,0]],[[0,101],[1,0],[2,0],[3,0]],[[0,103],[1,0],[2,0],[3,0]],[[0,105],[1,0],[2,0],[3,0]],[[0,107],[1,0],[2,0],[3,0]],[[0,109],[1,0],[2,0],[3,0]],[[0,111],[1,0],[2,0],[3,0]],[[0,113],[1,0],[2,0],[3,0]],[[0,115],[1,0],[2,0],[3,0]],[[0,117],[1,0],[2,0],[3,0]],[[0,119],[1,0],[2,0],[3,0]],[[0,121],[1,0],[2,0],[3,0]],[[0,123],[1,0],[2,0],[3,0]],[[0,125],[1,0],[2,0],[3,0]],[[0,127],[1,0],[2,0],[3,0]],[[0,129],[1,0],[2,0],[3,0]],[[0,131],[1,0],[2,0],[3,0]],[[0,133],[1,0],[2,0],[3,0]],[[0,135],[1,0],[2,0],[3,0]],[[0,137],[1,0],[2,0],[3,0]],[[0,139],[1,0],[2,0],[3,0]],[[0,141],[1,0],[2,0],[3,0]],[[0,143],[1,0],[2,0],[3,0]],[[0,145],[1,0],[2,0],[3,0]],[[0,147],[1,0],[2,0],[3,0]],[[0,149],[1,0],[2,0],[3,0]],[[0,151],[1,0],[2,0],[3,0]],[[0,153],[1,0],[2,0],[3,0]],[[0,155],[1,0],[2,0],[3,0]],[[0,157],[1,0],[2,0],[3,0]],[[0,159],[1,0],[2,0],[3,0]],[[0,161],[1,0],[2,0],[3,0]],[[0,163],[1,0],[2,0],[3,0]],[[0,165],[1,0],[2,0],[3,0]],[[0,167],[1,0],[2,0],[3,0]],[[0,169],[1,0],[2,0],[3,0]],[[0,171],[1,0],[2,0],[3,0]],[[0,173],[1,0],[2,0],[3,0]],[[0,175],[1,0],[2,0],[3,0]],[[0,177],[1,0],[2,0],[3,0]],[[0,179],[1,0],[2,0],[3,0]],[[0,181],[1,0],[2,0],[3,0]],[[0,183],[1,0],[2,0],[3,0]],[[0,185],[1,0],[2,0],[3,0]],[[0,187],[1,0],[2,0],[3,0]],[[0,189],[1,0],[2,0],[3,0]],[[0,191],[1,0],[2,0],[3,0]],[[0,193],[1,0],[2,0],[3,0]],[[0,195],[1,0],[2,0],[3,0]],[[0,197],[1,0],[2,0],[3,0]],[[0,199],[1,0],[2,0],[3,0]],[[0,201],[1,0],[2,0],[3,0]]],"n":"healthbar","t":3},null,null],"f":[[[0,0],[1,0]]],"t":3}}