{"ui_mc":{"m":[1,0,0,1,0,0],"c":[{"m":[1,0,0,1,0,0],"c":[{"b":[0,0,69,32],"m":[1,0,0,1,0,0],"c":[{"id":1,"m":[1,0,0,1,0,0],"t":1}],"t":2},null,{"b":[0,0,69,32],"m":[1,0,0,1,0,0],"c":[{"id":3,"m":[1,0,0,1,0,0],"t":1}],"t":2},null,{"b":[0,0,69,32],"m":[1,0,0,1,0,0],"c":[{"id":5,"m":[1,0,0,1,0,0],"t":1}],"t":2},null,null],"f":[[[0,0]],[[2,0]],[[4,0]]],"n":"btn_1","t":3},{"m":[1,0,0,1,57,41.95],"c":[{"b":[0,0,69,32],"m":[1,0,0,1,0,0],"c":[{"id":1,"m":[1,0,0,1,0,0],"t":1}],"t":2},null,{"b":[0,0,69,32],"m":[1,0,0,1,0,0],"c":[{"id":3,"m":[1,0,0,1,0,0],"t":1}],"t":2},null,{"b":[0,0,69,32],"m":[1,0,0,1,0,0],"c":[{"id":5,"m":[1,0,0,1,0,0],"t":1}],"t":2},null,null],"f":[[[0,0]],[[2,0]],[[4,0]]],"n":"btn_3","t":3},{"m":[1,0,0,1,109,0],"c":[{"b":[0,0,69,32],"m":[1,0,0,1,0,0],"c":[{"id":1,"m":[1,0,0,1,0,0],"t":1}],"t":2},null,{"b":[0,0,69,32],"m":[1,0,0,1,0,0],"c":[{"id":3,"m":[1,0,0,1,0,0],"t":1}],"t":2},null,{"b":[0,0,69,32],"m":[1,0,0,1,0,0],"c":[{"id":5,"m":[1,0,0,1,0,0],"t":1}],"t":2},null,null],"f":[[[0,0]],[[2,0]],[[4,0]]],"n":"btn_2","t":3},null,null],"f":[[[0,0],[1,0],[2,0]]],"t":3}}